category,slug,name,product_slug,size,material,shape,movement,finish,color_options,application,price_inr,price_type,moq,primary_keyword,secondary_keywords,meta_title,meta_description,h1,description,market_reference,source_url
8 Inch Plastic Wall Clocks,8-inch-plastic-wall-clocks,OSIRA 8 inch Classic Black 8 Inch Wall Clocks,8-inch-plastic-wall-clocks-classic-black,8 inch,Plastic,Round,Quartz,Polished,Black | White | Silver,Home / Office / Retail / Commercial,70,Market reference,200,8 inch wall clock,8 inch plastic wall clocks, wall clock wholesale, wall clock manufacturer India, wall clock supplier Jaipur, plastic wall clock, bulk wall clock,OSIRA 8 inch Classic Black 8 Inch Wall Clocks | Wholesale Wall Clock Supplier,Source 8 inch classic black wall clocks for wholesale, retail and business orders. Plastic body, quartz movement and quantity-based pricing from OSIRA.,OSIRA 8 inch Classic Black 8 Inch Wall Clocks,Market-researched OSIRA catalogue concept based on currently listed Indian supplier specifications. 8 inch classic black wall clock with plastic body and quartz movement; suitable for homes, offices, retail and commercial spaces. Confirm final colour, packaging, MOQ and commercial price before purchase.,Observed Indian supplier listings in 8 Inch Plastic Wall Clocks; reference price used as market benchmark, not OSIRA's final selling price.,https://www.tradeindia.com/products/8-inch-glossy-plastic-wall-clock-
8 Inch Plastic Wall Clocks,8-inch-plastic-wall-clocks,OSIRA 8 inch Silver White 8 Inch Wall Clocks,8-inch-plastic-wall-clocks-silver-white,8 inch,Plastic,Round,Quartz,Matte / Gloss,Black | White | Silver | Brown,Home / Office / Retail / Commercial,90,Market reference,175,8 inch wall clock,8 inch plastic wall clocks, wall clock wholesale, wall clock manufacturer India, wall clock supplier Jaipur, plastic wall clock, bulk wall clock,OSIRA 8 inch Silver White 8 Inch Wall Clocks | Wholesale Wall Clock Supplier,Source 8 inch silver white wall clocks for wholesale, retail and business orders. Plastic body, quartz movement and quantity-based pricing from OSIRA.,OSIRA 8 inch Silver White 8 Inch Wall Clocks,Market-researched OSIRA catalogue concept based on currently listed Indian supplier specifications. 8 inch silver white wall clock with plastic body and quartz movement; suitable for homes, offices, retail and commercial spaces. Confirm final colour, packaging, MOQ and commercial price before purchase.,Observed Indian supplier listings in 8 Inch Plastic Wall Clocks; reference price used as market benchmark, not OSIRA's final selling price.,https://www.tradeindia.com/products/8-inch-glossy-plastic-wall-clock-
8 Inch Plastic Wall Clocks,8-inch-plastic-wall-clocks,OSIRA 8 inch Glossy White 8 Inch Wall Clocks,8-inch-plastic-wall-clocks-glossy-white,8 inch,Plastic,Round,Quartz,Polished,Black | White | Silver | Brown | Golden,Home / Office / Retail / Commercial,110,Market reference,150,8 inch wall clock,8 inch plastic wall clocks, wall clock wholesale, wall clock manufacturer India, wall clock supplier Jaipur, plastic wall clock, bulk wall clock,OSIRA 8 inch Glossy White 8 Inch Wall Clocks | Wholesale Wall Clock Supplier,Source 8 inch glossy white wall clocks for wholesale, retail and business orders. Plastic body, quartz movement and quantity-based pricing from OSIRA.,OSIRA 8 inch Glossy White 8 Inch Wall Clocks,Market-researched OSIRA catalogue concept based on currently listed Indian supplier specifications. 8 inch glossy white wall clock with plastic body and quartz movement; suitable for homes, offices, retail and commercial spaces. Confirm final colour, packaging, MOQ and commercial price before purchase.,Observed Indian supplier listings in 8 Inch Plastic Wall Clocks; reference price used as market benchmark, not OSIRA's final selling price.,https://www.tradeindia.com/products/8-inch-glossy-plastic-wall-clock-
8 Inch Plastic Wall Clocks,8-inch-plastic-wall-clocks,OSIRA 8 inch Dark Brown & White 8 Inch Wall Clocks,8-inch-plastic-wall-clocks-dark-brown-white,8 inch,Plastic,Square,Quartz,Matte / Gloss,Black | White | Silver,Home / Office / Retail / Commercial,130,Market reference,125,8 inch wall clock,8 inch plastic wall clocks, wall clock wholesale, wall clock manufacturer India, wall clock supplier Jaipur, plastic wall clock, bulk wall clock,OSIRA 8 inch Dark Brown & White 8 Inch Wall Clocks | Wholesale Wall Clock Supplier,Source 8 inch dark brown & white wall clocks for wholesale, retail and business orders. Plastic body, quartz movement and quantity-based pricing from OSIRA.,OSIRA 8 inch Dark Brown & White 8 Inch Wall Clocks,Market-researched OSIRA catalogue concept based on currently listed Indian supplier specifications. 8 inch dark brown & white wall clock with plastic body and quartz movement; suitable for homes, offices, retail and commercial spaces. Confirm final colour, packaging, MOQ and commercial price before purchase.,Observed Indian supplier listings in 8 Inch Plastic Wall Clocks; reference price used as market benchmark, not OSIRA's final selling price.,https://www.tradeindia.com/products/8-inch-glossy-plastic-wall-clock-
8 Inch Plastic Wall Clocks,8-inch-plastic-wall-clocks,OSIRA 8 inch Golden Frame 8 Inch Wall Clocks,8-inch-plastic-wall-clocks-golden-frame,8 inch,Plastic,Round,Quartz,Polished,Black | White | Silver | Brown,Home / Office / Retail / Commercial,150,Market reference,200,8 inch wall clock,8 inch plastic wall clocks, wall clock wholesale, wall clock manufacturer India, wall clock supplier Jaipur, plastic wall clock, bulk wall clock,OSIRA 8 inch Golden Frame 8 Inch Wall Clocks | Wholesale Wall Clock Supplier,Source 8 inch golden frame wall clocks for wholesale, retail and business orders. Plastic body, quartz movement and quantity-based pricing from OSIRA.,OSIRA 8 inch Golden Frame 8 Inch Wall Clocks,Market-researched OSIRA catalogue concept based on currently listed Indian supplier specifications. 8 inch golden frame wall clock with plastic body and quartz movement; suitable for homes, offices, retail and commercial spaces. Confirm final colour, packaging, MOQ and commercial price before purchase.,Observed Indian supplier listings in 8 Inch Plastic Wall Clocks; reference price used as market benchmark, not OSIRA's final selling price.,https://www.tradeindia.com/products/8-inch-glossy-plastic-wall-clock-
8 Inch Plastic Wall Clocks,8-inch-plastic-wall-clocks,OSIRA 8 inch Minimal Grey 8 Inch Wall Clocks,8-inch-plastic-wall-clocks-minimal-grey,8 inch,Plastic,Round,Quartz,Matte / Gloss,Black | White | Silver | Brown | Golden,Home / Office / Retail / Commercial,70,Market reference,175,8 inch wall clock,8 inch plastic wall clocks, wall clock wholesale, wall clock manufacturer India, wall clock supplier Jaipur, plastic wall clock, bulk wall clock,OSIRA 8 inch Minimal Grey 8 Inch Wall Clocks | Wholesale Wall Clock Supplier,Source 8 inch minimal grey wall clocks for wholesale, retail and business orders. Plastic body, quartz movement and quantity-based pricing from OSIRA.,OSIRA 8 inch Minimal Grey 8 Inch Wall Clocks,Market-researched OSIRA catalogue concept based on currently listed Indian supplier specifications. 8 inch minimal grey wall clock with plastic body and quartz movement; suitable for homes, offices, retail and commercial spaces. Confirm final colour, packaging, MOQ and commercial price before purchase.,Observed Indian supplier listings in 8 Inch Plastic Wall Clocks; reference price used as market benchmark, not OSIRA's final selling price.,https://www.tradeindia.com/products/8-inch-glossy-plastic-wall-clock-
8 Inch Plastic Wall Clocks,8-inch-plastic-wall-clocks,OSIRA 8 inch Bold Numeral 8 Inch Wall Clocks,8-inch-plastic-wall-clocks-bold-numeral,8 inch,Plastic,Round,Quartz,Polished,Black | White | Silver,Home / Office / Retail / Commercial,90,Market reference,150,8 inch wall clock,8 inch plastic wall clocks, wall clock wholesale, wall clock manufacturer India, wall clock supplier Jaipur, plastic wall clock, bulk wall clock,OSIRA 8 inch Bold Numeral 8 Inch Wall Clocks | Wholesale Wall Clock Supplier,Source 8 inch bold numeral wall clocks for wholesale, retail and business orders. Plastic body, quartz movement and quantity-based pricing from OSIRA.,OSIRA 8 inch Bold Numeral 8 Inch Wall Clocks,Market-researched OSIRA catalogue concept based on currently listed Indian supplier specifications. 8 inch bold numeral wall clock with plastic body and quartz movement; suitable for homes, offices, retail and commercial spaces. Confirm final colour, packaging, MOQ and commercial price before purchase.,Observed Indian supplier listings in 8 Inch Plastic Wall Clocks; reference price used as market benchmark, not OSIRA's final selling price.,https://www.tradeindia.com/products/8-inch-glossy-plastic-wall-clock-
8 Inch Plastic Wall Clocks,8-inch-plastic-wall-clocks,OSIRA 8 inch Modern Square 8 Inch Wall Clocks,8-inch-plastic-wall-clocks-modern-square,8 inch,Plastic,Square,Quartz,Matte / Gloss,Black | White | Silver | Brown,Home / Office / Retail / Commercial,110,Market reference,125,8 inch wall clock,8 inch plastic wall clocks, wall clock wholesale, wall clock manufacturer India, wall clock supplier Jaipur, plastic wall clock, bulk wall clock,OSIRA 8 inch Modern Square 8 Inch Wall Clocks | Wholesale Wall Clock Supplier,Source 8 inch modern square wall clocks for wholesale, retail and business orders. Plastic body, quartz movement and quantity-based pricing from OSIRA.,OSIRA 8 inch Modern Square 8 Inch Wall Clocks,Market-researched OSIRA catalogue concept based on currently listed Indian supplier specifications. 8 inch modern square wall clock with plastic body and quartz movement; suitable for homes, offices, retail and commercial spaces. Confirm final colour, packaging, MOQ and commercial price before purchase.,Observed Indian supplier listings in 8 Inch Plastic Wall Clocks; reference price used as market benchmark, not OSIRA's final selling price.,https://www.tradeindia.com/products/8-inch-glossy-plastic-wall-clock-
8 Inch Plastic Wall Clocks,8-inch-plastic-wall-clocks,OSIRA 8 inch Wooden Finish 8 Inch Wall Clocks,8-inch-plastic-wall-clocks-wooden-finish,8 inch,Plastic,Round,Quartz,Polished,Black | White | Silver | Brown | Golden,Home / Office / Retail / Commercial,130,Market reference,200,8 inch wall clock,8 inch plastic wall clocks, wall clock wholesale, wall clock manufacturer India, wall clock supplier Jaipur, plastic wall clock, bulk wall clock,OSIRA 8 inch Wooden Finish 8 Inch Wall Clocks | Wholesale Wall Clock Supplier,Source 8 inch wooden finish wall clocks for wholesale, retail and business orders. Plastic body, quartz movement and quantity-based pricing from OSIRA.,OSIRA 8 inch Wooden Finish 8 Inch Wall Clocks,Market-researched OSIRA catalogue concept based on currently listed Indian supplier specifications. 8 inch wooden finish wall clock with plastic body and quartz movement; suitable for homes, offices, retail and commercial spaces. Confirm final colour, packaging, MOQ and commercial price before purchase.,Observed Indian supplier listings in 8 Inch Plastic Wall Clocks; reference price used as market benchmark, not OSIRA's final selling price.,https://www.tradeindia.com/products/8-inch-glossy-plastic-wall-clock-
8 Inch Plastic Wall Clocks,8-inch-plastic-wall-clocks,OSIRA 8 inch Premium Multicolor 8 Inch Wall Clocks,8-inch-plastic-wall-clocks-premium-multicolor,8 inch,Plastic,Round,Quartz,Matte / Gloss,Black | White | Silver,Home / Office / Retail / Commercial,150,Market reference,175,8 inch wall clock,8 inch plastic wall clocks, wall clock wholesale, wall clock manufacturer India, wall clock supplier Jaipur, plastic wall clock, bulk wall clock,OSIRA 8 inch Premium Multicolor 8 Inch Wall Clocks | Wholesale Wall Clock Supplier,Source 8 inch premium multicolor wall clocks for wholesale, retail and business orders. Plastic body, quartz movement and quantity-based pricing from OSIRA.,OSIRA 8 inch Premium Multicolor 8 Inch Wall Clocks,Market-researched OSIRA catalogue concept based on currently listed Indian supplier specifications. 8 inch premium multicolor wall clock with plastic body and quartz movement; suitable for homes, offices, retail and commercial spaces. Confirm final colour, packaging, MOQ and commercial price before purchase.,Observed Indian supplier listings in 8 Inch Plastic Wall Clocks; reference price used as market benchmark, not OSIRA's final selling price.,https://www.tradeindia.com/products/8-inch-glossy-plastic-wall-clock-
10 Inch Plastic Wall Clocks,10-inch-plastic-wall-clocks,OSIRA 10 inch Classic Black 10 Inch Wall Clocks,10-inch-plastic-wall-clocks-classic-black,10 inch,Plastic,Round,Quartz,Polished,Black | White | Silver,Home / Office / Retail / Commercial,90,Market reference,600,10 inch wall clock,10 inch plastic wall clocks, wall clock wholesale, wall clock manufacturer India, wall clock supplier Jaipur, plastic wall clock, bulk wall clock,OSIRA 10 inch Classic Black 10 Inch Wall Clocks | Wholesale Wall Clock Supplier,Source 10 inch classic black wall clocks for wholesale, retail and business orders. Plastic body, quartz movement and quantity-based pricing from OSIRA.,OSIRA 10 inch Classic Black 10 Inch Wall Clocks,Market-researched OSIRA catalogue concept based on currently listed Indian supplier specifications. 10 inch classic black wall clock with plastic body and quartz movement; suitable for homes, offices, retail and commercial spaces. Confirm final colour, packaging, MOQ and commercial price before purchase.,Observed Indian supplier listings in 10 Inch Plastic Wall Clocks; reference price used as market benchmark, not OSIRA's final selling price.,https://www.tradeindia.com/products/promotional-plastic-wall-clock-9923280.html
10 Inch Plastic Wall Clocks,10-inch-plastic-wall-clocks,OSIRA 10 inch Silver White 10 Inch Wall Clocks,10-inch-plastic-wall-clocks-silver-white,10 inch,Plastic,Round,Quartz,Matte / Gloss,Black | White | Silver | Brown,Home / Office / Retail / Commercial,110,Market reference,575,10 inch wall clock,10 inch plastic wall clocks, wall clock wholesale, wall clock manufacturer India, wall clock supplier Jaipur, plastic wall clock, bulk wall clock,OSIRA 10 inch Silver White 10 Inch Wall Clocks | Wholesale Wall Clock Supplier,Source 10 inch silver white wall clocks for wholesale, retail and business orders. Plastic body, quartz movement and quantity-based pricing from OSIRA.,OSIRA 10 inch Silver White 10 Inch Wall Clocks,Market-researched OSIRA catalogue concept based on currently listed Indian supplier specifications. 10 inch silver white wall clock with plastic body and quartz movement; suitable for homes, offices, retail and commercial spaces. Confirm final colour, packaging, MOQ and commercial price before purchase.,Observed Indian supplier listings in 10 Inch Plastic Wall Clocks; reference price used as market benchmark, not OSIRA's final selling price.,https://www.tradeindia.com/products/promotional-plastic-wall-clock-9923280.html
10 Inch Plastic Wall Clocks,10-inch-plastic-wall-clocks,OSIRA 10 inch Glossy White 10 Inch Wall Clocks,10-inch-plastic-wall-clocks-glossy-white,10 inch,Plastic,Round,Quartz,Polished,Black | White | Silver | Brown | Golden,Home / Office / Retail / Commercial,130,Market reference,550,10 inch wall clock,10 inch plastic wall clocks, wall clock wholesale, wall clock manufacturer India, wall clock supplier Jaipur, plastic wall clock, bulk wall clock,OSIRA 10 inch Glossy White 10 Inch Wall Clocks | Wholesale Wall Clock Supplier,Source 10 inch glossy white wall clocks for wholesale, retail and business orders. Plastic body, quartz movement and quantity-based pricing from OSIRA.,OSIRA 10 inch Glossy White 10 Inch Wall Clocks,Market-researched OSIRA catalogue concept based on currently listed Indian supplier specifications. 10 inch glossy white wall clock with plastic body and quartz movement; suitable for homes, offices, retail and commercial spaces. Confirm final colour, packaging, MOQ and commercial price before purchase.,Observed Indian supplier listings in 10 Inch Plastic Wall Clocks; reference price used as market benchmark, not OSIRA's final selling price.,https://www.tradeindia.com/products/promotional-plastic-wall-clock-9923280.html
10 Inch Plastic Wall Clocks,10-inch-plastic-wall-clocks,OSIRA 10 inch Dark Brown & White 10 Inch Wall Clocks,10-inch-plastic-wall-clocks-dark-brown-white,10 inch,Plastic,Square,Quartz,Matte / Gloss,Black | White | Silver,Home / Office / Retail / Commercial,150,Market reference,525,10 inch wall clock,10 inch plastic wall clocks, wall clock wholesale, wall clock manufacturer India, wall clock supplier Jaipur, plastic wall clock, bulk wall clock,OSIRA 10 inch Dark Brown & White 10 Inch Wall Clocks | Wholesale Wall Clock Supplier,Source 10 inch dark brown & white wall clocks for wholesale, retail and business orders. Plastic body, quartz movement and quantity-based pricing from OSIRA.,OSIRA 10 inch Dark Brown & White 10 Inch Wall Clocks,Market-researched OSIRA catalogue concept based on currently listed Indian supplier specifications. 10 inch dark brown & white wall clock with plastic body and quartz movement; suitable for homes, offices, retail and commercial spaces. Confirm final colour, packaging, MOQ and commercial price before purchase.,Observed Indian supplier listings in 10 Inch Plastic Wall Clocks; reference price used as market benchmark, not OSIRA's final selling price.,https://www.tradeindia.com/products/promotional-plastic-wall-clock-9923280.html
10 Inch Plastic Wall Clocks,10-inch-plastic-wall-clocks,OSIRA 10 inch Golden Frame 10 Inch Wall Clocks,10-inch-plastic-wall-clocks-golden-frame,10 inch,Plastic,Round,Quartz,Polished,Black | White | Silver | Brown,Home / Office / Retail / Commercial,170,Market reference,600,10 inch wall clock,10 inch plastic wall clocks, wall clock wholesale, wall clock manufacturer India, wall clock supplier Jaipur, plastic wall clock, bulk wall clock,OSIRA 10 inch Golden Frame 10 Inch Wall Clocks | Wholesale Wall Clock Supplier,Source 10 inch golden frame wall clocks for wholesale, retail and business orders. Plastic body, quartz movement and quantity-based pricing from OSIRA.,OSIRA 10 inch Golden Frame 10 Inch Wall Clocks,Market-researched OSIRA catalogue concept based on currently listed Indian supplier specifications. 10 inch golden frame wall clock with plastic body and quartz movement; suitable for homes, offices, retail and commercial spaces. Confirm final colour, packaging, MOQ and commercial price before purchase.,Observed Indian supplier listings in 10 Inch Plastic Wall Clocks; reference price used as market benchmark, not OSIRA's final selling price.,https://www.tradeindia.com/products/promotional-plastic-wall-clock-9923280.html
10 Inch Plastic Wall Clocks,10-inch-plastic-wall-clocks,OSIRA 10 inch Minimal Grey 10 Inch Wall Clocks,10-inch-plastic-wall-clocks-minimal-grey,10 inch,Plastic,Round,Quartz,Matte / Gloss,Black | White | Silver | Brown | Golden,Home / Office / Retail / Commercial,90,Market reference,575,10 inch wall clock,10 inch plastic wall clocks, wall clock wholesale, wall clock manufacturer India, wall clock supplier Jaipur, plastic wall clock, bulk wall clock,OSIRA 10 inch Minimal Grey 10 Inch Wall Clocks | Wholesale Wall Clock Supplier,Source 10 inch minimal grey wall clocks for wholesale, retail and business orders. Plastic body, quartz movement and quantity-based pricing from OSIRA.,OSIRA 10 inch Minimal Grey 10 Inch Wall Clocks,Market-researched OSIRA catalogue concept based on currently listed Indian supplier specifications. 10 inch minimal grey wall clock with plastic body and quartz movement; suitable for homes, offices, retail and commercial spaces. Confirm final colour, packaging, MOQ and commercial price before purchase.,Observed Indian supplier listings in 10 Inch Plastic Wall Clocks; reference price used as market benchmark, not OSIRA's final selling price.,https://www.tradeindia.com/products/promotional-plastic-wall-clock-9923280.html
10 Inch Plastic Wall Clocks,10-inch-plastic-wall-clocks,OSIRA 10 inch Bold Numeral 10 Inch Wall Clocks,10-inch-plastic-wall-clocks-bold-numeral,10 inch,Plastic,Round,Quartz,Polished,Black | White | Silver,Home / Office / Retail / Commercial,110,Market reference,550,10 inch wall clock,10 inch plastic wall clocks, wall clock wholesale, wall clock manufacturer India, wall clock supplier Jaipur, plastic wall clock, bulk wall clock,OSIRA 10 inch Bold Numeral 10 Inch Wall Clocks | Wholesale Wall Clock Supplier,Source 10 inch bold numeral wall clocks for wholesale, retail and business orders. Plastic body, quartz movement and quantity-based pricing from OSIRA.,OSIRA 10 inch Bold Numeral 10 Inch Wall Clocks,Market-researched OSIRA catalogue concept based on currently listed Indian supplier specifications. 10 inch bold numeral wall clock with plastic body and quartz movement; suitable for homes, offices, retail and commercial spaces. Confirm final colour, packaging, MOQ and commercial price before purchase.,Observed Indian supplier listings in 10 Inch Plastic Wall Clocks; reference price used as market benchmark, not OSIRA's final selling price.,https://www.tradeindia.com/products/promotional-plastic-wall-clock-9923280.html
10 Inch Plastic Wall Clocks,10-inch-plastic-wall-clocks,OSIRA 10 inch Modern Square 10 Inch Wall Clocks,10-inch-plastic-wall-clocks-modern-square,10 inch,Plastic,Square,Quartz,Matte / Gloss,Black | White | Silver | Brown,Home / Office / Retail / Commercial,130,Market reference,525,10 inch wall clock,10 inch plastic wall clocks, wall clock wholesale, wall clock manufacturer India, wall clock supplier Jaipur, plastic wall clock, bulk wall clock,OSIRA 10 inch Modern Square 10 Inch Wall Clocks | Wholesale Wall Clock Supplier,Source 10 inch modern square wall clocks for wholesale, retail and business orders. Plastic body, quartz movement and quantity-based pricing from OSIRA.,OSIRA 10 inch Modern Square 10 Inch Wall Clocks,Market-researched OSIRA catalogue concept based on currently listed Indian supplier specifications. 10 inch modern square wall clock with plastic body and quartz movement; suitable for homes, offices, retail and commercial spaces. Confirm final colour, packaging, MOQ and commercial price before purchase.,Observed Indian supplier listings in 10 Inch Plastic Wall Clocks; reference price used as market benchmark, not OSIRA's final selling price.,https://www.tradeindia.com/products/promotional-plastic-wall-clock-9923280.html
10 Inch Plastic Wall Clocks,10-inch-plastic-wall-clocks,OSIRA 10 inch Wooden Finish 10 Inch Wall Clocks,10-inch-plastic-wall-clocks-wooden-finish,10 inch,Plastic,Round,Quartz,Polished,Black | White | Silver | Brown | Golden,Home / Office / Retail / Commercial,150,Market reference,600,10 inch wall clock,10 inch plastic wall clocks, wall clock wholesale, wall clock manufacturer India, wall clock supplier Jaipur, plastic wall clock, bulk wall clock,OSIRA 10 inch Wooden Finish 10 Inch Wall Clocks | Wholesale Wall Clock Supplier,Source 10 inch wooden finish wall clocks for wholesale, retail and business orders. Plastic body, quartz movement and quantity-based pricing from OSIRA.,OSIRA 10 inch Wooden Finish 10 Inch Wall Clocks,Market-researched OSIRA catalogue concept based on currently listed Indian supplier specifications. 10 inch wooden finish wall clock with plastic body and quartz movement; suitable for homes, offices, retail and commercial spaces. Confirm final colour, packaging, MOQ and commercial price before purchase.,Observed Indian supplier listings in 10 Inch Plastic Wall Clocks; reference price used as market benchmark, not OSIRA's final selling price.,https://www.tradeindia.com/products/promotional-plastic-wall-clock-9923280.html
10 Inch Plastic Wall Clocks,10-inch-plastic-wall-clocks,OSIRA 10 inch Premium Multicolor 10 Inch Wall Clocks,10-inch-plastic-wall-clocks-premium-multicolor,10 inch,Plastic,Round,Quartz,Matte / Gloss,Black | White | Silver,Home / Office / Retail / Commercial,170,Market reference,575,10 inch wall clock,10 inch plastic wall clocks, wall clock wholesale, wall clock manufacturer India, wall clock supplier Jaipur, plastic wall clock, bulk wall clock,OSIRA 10 inch Premium Multicolor 10 Inch Wall Clocks | Wholesale Wall Clock Supplier,Source 10 inch premium multicolor wall clocks for wholesale, retail and business orders. Plastic body, quartz movement and quantity-based pricing from OSIRA.,OSIRA 10 inch Premium Multicolor 10 Inch Wall Clocks,Market-researched OSIRA catalogue concept based on currently listed Indian supplier specifications. 10 inch premium multicolor wall clock with plastic body and quartz movement; suitable for homes, offices, retail and commercial spaces. Confirm final colour, packaging, MOQ and commercial price before purchase.,Observed Indian supplier listings in 10 Inch Plastic Wall Clocks; reference price used as market benchmark, not OSIRA's final selling price.,https://www.tradeindia.com/products/promotional-plastic-wall-clock-9923280.html
12 Inch Plastic Wall Clocks,12-inch-plastic-wall-clocks,OSIRA 12 inch Classic Black 12 Inch Wall Clocks,12-inch-plastic-wall-clocks-classic-black,12 inch,Plastic,Round,Quartz,Polished,Black | White | Silver,Home / Office / Retail / Commercial,125,Market reference,200,12 inch wall clock,12 inch plastic wall clocks, wall clock wholesale, wall clock manufacturer India, wall clock supplier Jaipur, plastic wall clock, bulk wall clock,OSIRA 12 inch Classic Black 12 Inch Wall Clocks | Wholesale Wall Clock Supplier,Source 12 inch classic black wall clocks for wholesale, retail and business orders. Plastic body, quartz movement and quantity-based pricing from OSIRA.,OSIRA 12 inch Classic Black 12 Inch Wall Clocks,Market-researched OSIRA catalogue concept based on currently listed Indian supplier specifications. 12 inch classic black wall clock with plastic body and quartz movement; suitable for homes, offices, retail and commercial spaces. Confirm final colour, packaging, MOQ and commercial price before purchase.,Observed Indian supplier listings in 12 Inch Plastic Wall Clocks; reference price used as market benchmark, not OSIRA's final selling price.,https://www.tradeindia.com/products/12-inch-plastic-wall-clock-c12378157.html
12 Inch Plastic Wall Clocks,12-inch-plastic-wall-clocks,OSIRA 12 inch Silver White 12 Inch Wall Clocks,12-inch-plastic-wall-clocks-silver-white,12 inch,Plastic,Round,Quartz,Matte / Gloss,Black | White | Silver | Brown,Home / Office / Retail / Commercial,145,Market reference,175,12 inch wall clock,12 inch plastic wall clocks, wall clock wholesale, wall clock manufacturer India, wall clock supplier Jaipur, plastic wall clock, bulk wall clock,OSIRA 12 inch Silver White 12 Inch Wall Clocks | Wholesale Wall Clock Supplier,Source 12 inch silver white wall clocks for wholesale, retail and business orders. Plastic body, quartz movement and quantity-based pricing from OSIRA.,OSIRA 12 inch Silver White 12 Inch Wall Clocks,Market-researched OSIRA catalogue concept based on currently listed Indian supplier specifications. 12 inch silver white wall clock with plastic body and quartz movement; suitable for homes, offices, retail and commercial spaces. Confirm final colour, packaging, MOQ and commercial price before purchase.,Observed Indian supplier listings in 12 Inch Plastic Wall Clocks; reference price used as market benchmark, not OSIRA's final selling price.,https://www.tradeindia.com/products/12-inch-plastic-wall-clock-c12378157.html
12 Inch Plastic Wall Clocks,12-inch-plastic-wall-clocks,OSIRA 12 inch Glossy White 12 Inch Wall Clocks,12-inch-plastic-wall-clocks-glossy-white,12 inch,Plastic,Round,Quartz,Polished,Black | White | Silver | Brown | Golden,Home / Office / Retail / Commercial,165,Market reference,150,12 inch wall clock,12 inch plastic wall clocks, wall clock wholesale, wall clock manufacturer India, wall clock supplier Jaipur, plastic wall clock, bulk wall clock,OSIRA 12 inch Glossy White 12 Inch Wall Clocks | Wholesale Wall Clock Supplier,Source 12 inch glossy white wall clocks for wholesale, retail and business orders. Plastic body, quartz movement and quantity-based pricing from OSIRA.,OSIRA 12 inch Glossy White 12 Inch Wall Clocks,Market-researched OSIRA catalogue concept based on currently listed Indian supplier specifications. 12 inch glossy white wall clock with plastic body and quartz movement; suitable for homes, offices, retail and commercial spaces. Confirm final colour, packaging, MOQ and commercial price before purchase.,Observed Indian supplier listings in 12 Inch Plastic Wall Clocks; reference price used as market benchmark, not OSIRA's final selling price.,https://www.tradeindia.com/products/12-inch-plastic-wall-clock-c12378157.html
12 Inch Plastic Wall Clocks,12-inch-plastic-wall-clocks,OSIRA 12 inch Dark Brown & White 12 Inch Wall Clocks,12-inch-plastic-wall-clocks-dark-brown-white,12 inch,Plastic,Square,Quartz,Matte / Gloss,Black | White | Silver,Home / Office / Retail / Commercial,185,Market reference,125,12 inch wall clock,12 inch plastic wall clocks, wall clock wholesale, wall clock manufacturer India, wall clock supplier Jaipur, plastic wall clock, bulk wall clock,OSIRA 12 inch Dark Brown & White 12 Inch Wall Clocks | Wholesale Wall Clock Supplier,Source 12 inch dark brown & white wall clocks for wholesale, retail and business orders. Plastic body, quartz movement and quantity-based pricing from OSIRA.,OSIRA 12 inch Dark Brown & White 12 Inch Wall Clocks,Market-researched OSIRA catalogue concept based on currently listed Indian supplier specifications. 12 inch dark brown & white wall clock with plastic body and quartz movement; suitable for homes, offices, retail and commercial spaces. Confirm final colour, packaging, MOQ and commercial price before purchase.,Observed Indian supplier listings in 12 Inch Plastic Wall Clocks; reference price used as market benchmark, not OSIRA's final selling price.,https://www.tradeindia.com/products/12-inch-plastic-wall-clock-c12378157.html
12 Inch Plastic Wall Clocks,12-inch-plastic-wall-clocks,OSIRA 12 inch Golden Frame 12 Inch Wall Clocks,12-inch-plastic-wall-clocks-golden-frame,12 inch,Plastic,Round,Quartz,Polished,Black | White | Silver | Brown,Home / Office / Retail / Commercial,205,Market reference,200,12 inch wall clock,12 inch plastic wall clocks, wall clock wholesale, wall clock manufacturer India, wall clock supplier Jaipur, plastic wall clock, bulk wall clock,OSIRA 12 inch Golden Frame 12 Inch Wall Clocks | Wholesale Wall Clock Supplier,Source 12 inch golden frame wall clocks for wholesale, retail and business orders. Plastic body, quartz movement and quantity-based pricing from OSIRA.,OSIRA 12 inch Golden Frame 12 Inch Wall Clocks,Market-researched OSIRA catalogue concept based on currently listed Indian supplier specifications. 12 inch golden frame wall clock with plastic body and quartz movement; suitable for homes, offices, retail and commercial spaces. Confirm final colour, packaging, MOQ and commercial price before purchase.,Observed Indian supplier listings in 12 Inch Plastic Wall Clocks; reference price used as market benchmark, not OSIRA's final selling price.,https://www.tradeindia.com/products/12-inch-plastic-wall-clock-c12378157.html
12 Inch Plastic Wall Clocks,12-inch-plastic-wall-clocks,OSIRA 12 inch Minimal Grey 12 Inch Wall Clocks,12-inch-plastic-wall-clocks-minimal-grey,12 inch,Plastic,Round,Quartz,Matte / Gloss,Black | White | Silver | Brown | Golden,Home / Office / Retail / Commercial,125,Market reference,175,12 inch wall clock,12 inch plastic wall clocks, wall clock wholesale, wall clock manufacturer India, wall clock supplier Jaipur, plastic wall clock, bulk wall clock,OSIRA 12 inch Minimal Grey 12 Inch Wall Clocks | Wholesale Wall Clock Supplier,Source 12 inch minimal grey wall clocks for wholesale, retail and business orders. Plastic body, quartz movement and quantity-based pricing from OSIRA.,OSIRA 12 inch Minimal Grey 12 Inch Wall Clocks,Market-researched OSIRA catalogue concept based on currently listed Indian supplier specifications. 12 inch minimal grey wall clock with plastic body and quartz movement; suitable for homes, offices, retail and commercial spaces. Confirm final colour, packaging, MOQ and commercial price before purchase.,Observed Indian supplier listings in 12 Inch Plastic Wall Clocks; reference price used as market benchmark, not OSIRA's final selling price.,https://www.tradeindia.com/products/12-inch-plastic-wall-clock-c12378157.html
12 Inch Plastic Wall Clocks,12-inch-plastic-wall-clocks,OSIRA 12 inch Bold Numeral 12 Inch Wall Clocks,12-inch-plastic-wall-clocks-bold-numeral,12 inch,Plastic,Round,Quartz,Polished,Black | White | Silver,Home / Office / Retail / Commercial,145,Market reference,150,12 inch wall clock,12 inch plastic wall clocks, wall clock wholesale, wall clock manufacturer India, wall clock supplier Jaipur, plastic wall clock, bulk wall clock,OSIRA 12 inch Bold Numeral 12 Inch Wall Clocks | Wholesale Wall Clock Supplier,Source 12 inch bold numeral wall clocks for wholesale, retail and business orders. Plastic body, quartz movement and quantity-based pricing from OSIRA.,OSIRA 12 inch Bold Numeral 12 Inch Wall Clocks,Market-researched OSIRA catalogue concept based on currently listed Indian supplier specifications. 12 inch bold numeral wall clock with plastic body and quartz movement; suitable for homes, offices, retail and commercial spaces. Confirm final colour, packaging, MOQ and commercial price before purchase.,Observed Indian supplier listings in 12 Inch Plastic Wall Clocks; reference price used as market benchmark, not OSIRA's final selling price.,https://www.tradeindia.com/products/12-inch-plastic-wall-clock-c12378157.html
12 Inch Plastic Wall Clocks,12-inch-plastic-wall-clocks,OSIRA 12 inch Modern Square 12 Inch Wall Clocks,12-inch-plastic-wall-clocks-modern-square,12 inch,Plastic,Square,Quartz,Matte / Gloss,Black | White | Silver | Brown,Home / Office / Retail / Commercial,165,Market reference,125,12 inch wall clock,12 inch plastic wall clocks, wall clock wholesale, wall clock manufacturer India, wall clock supplier Jaipur, plastic wall clock, bulk wall clock,OSIRA 12 inch Modern Square 12 Inch Wall Clocks | Wholesale Wall Clock Supplier,Source 12 inch modern square wall clocks for wholesale, retail and business orders. Plastic body, quartz movement and quantity-based pricing from OSIRA.,OSIRA 12 inch Modern Square 12 Inch Wall Clocks,Market-researched OSIRA catalogue concept based on currently listed Indian supplier specifications. 12 inch modern square wall clock with plastic body and quartz movement; suitable for homes, offices, retail and commercial spaces. Confirm final colour, packaging, MOQ and commercial price before purchase.,Observed Indian supplier listings in 12 Inch Plastic Wall Clocks; reference price used as market benchmark, not OSIRA's final selling price.,https://www.tradeindia.com/products/12-inch-plastic-wall-clock-c12378157.html
12 Inch Plastic Wall Clocks,12-inch-plastic-wall-clocks,OSIRA 12 inch Wooden Finish 12 Inch Wall Clocks,12-inch-plastic-wall-clocks-wooden-finish,12 inch,Plastic,Round,Quartz,Polished,Black | White | Silver | Brown | Golden,Home / Office / Retail / Commercial,185,Market reference,200,12 inch wall clock,12 inch plastic wall clocks, wall clock wholesale, wall clock manufacturer India, wall clock supplier Jaipur, plastic wall clock, bulk wall clock,OSIRA 12 inch Wooden Finish 12 Inch Wall Clocks | Wholesale Wall Clock Supplier,Source 12 inch wooden finish wall clocks for wholesale, retail and business orders. Plastic body, quartz movement and quantity-based pricing from OSIRA.,OSIRA 12 inch Wooden Finish 12 Inch Wall Clocks,Market-researched OSIRA catalogue concept based on currently listed Indian supplier specifications. 12 inch wooden finish wall clock with plastic body and quartz movement; suitable for homes, offices, retail and commercial spaces. Confirm final colour, packaging, MOQ and commercial price before purchase.,Observed Indian supplier listings in 12 Inch Plastic Wall Clocks; reference price used as market benchmark, not OSIRA's final selling price.,https://www.tradeindia.com/products/12-inch-plastic-wall-clock-c12378157.html
12 Inch Plastic Wall Clocks,12-inch-plastic-wall-clocks,OSIRA 12 inch Premium Multicolor 12 Inch Wall Clocks,12-inch-plastic-wall-clocks-premium-multicolor,12 inch,Plastic,Round,Quartz,Matte / Gloss,Black | White | Silver,Home / Office / Retail / Commercial,205,Market reference,175,12 inch wall clock,12 inch plastic wall clocks, wall clock wholesale, wall clock manufacturer India, wall clock supplier Jaipur, plastic wall clock, bulk wall clock,OSIRA 12 inch Premium Multicolor 12 Inch Wall Clocks | Wholesale Wall Clock Supplier,Source 12 inch premium multicolor wall clocks for wholesale, retail and business orders. Plastic body, quartz movement and quantity-based pricing from OSIRA.,OSIRA 12 inch Premium Multicolor 12 Inch Wall Clocks,Market-researched OSIRA catalogue concept based on currently listed Indian supplier specifications. 12 inch premium multicolor wall clock with plastic body and quartz movement; suitable for homes, offices, retail and commercial spaces. Confirm final colour, packaging, MOQ and commercial price before purchase.,Observed Indian supplier listings in 12 Inch Plastic Wall Clocks; reference price used as market benchmark, not OSIRA's final selling price.,https://www.tradeindia.com/products/12-inch-plastic-wall-clock-c12378157.html
14 Inch Plastic Wall Clocks,14-inch-plastic-wall-clocks,OSIRA 14 inch Classic Black 14 Inch Wall Clocks,14-inch-plastic-wall-clocks-classic-black,14 inch,Plastic,Round,Quartz,Polished,Black | White | Silver,Home / Office / Retail / Commercial,220,Market reference,300,14 inch wall clock,14 inch plastic wall clocks, wall clock wholesale, wall clock manufacturer India, wall clock supplier Jaipur, plastic wall clock, bulk wall clock,OSIRA 14 inch Classic Black 14 Inch Wall Clocks | Wholesale Wall Clock Supplier,Source 14 inch classic black wall clocks for wholesale, retail and business orders. Plastic body, quartz movement and quantity-based pricing from OSIRA.,OSIRA 14 inch Classic Black 14 Inch Wall Clocks,Market-researched OSIRA catalogue concept based on currently listed Indian supplier specifications. 14 inch classic black wall clock with plastic body and quartz movement; suitable for homes, offices, retail and commercial spaces. Confirm final colour, packaging, MOQ and commercial price before purchase.,Observed Indian supplier listings in 14 Inch Plastic Wall Clocks; reference price used as market benchmark, not OSIRA's final selling price.,https://www.tradeindia.com/products/decorative-plastic-wall-clock-10490613.html
14 Inch Plastic Wall Clocks,14-inch-plastic-wall-clocks,OSIRA 14 inch Silver White 14 Inch Wall Clocks,14-inch-plastic-wall-clocks-silver-white,14 inch,Plastic,Round,Quartz,Matte / Gloss,Black | White | Silver | Brown,Home / Office / Retail / Commercial,240,Market reference,275,14 inch wall clock,14 inch plastic wall clocks, wall clock wholesale, wall clock manufacturer India, wall clock supplier Jaipur, plastic wall clock, bulk wall clock,OSIRA 14 inch Silver White 14 Inch Wall Clocks | Wholesale Wall Clock Supplier,Source 14 inch silver white wall clocks for wholesale, retail and business orders. Plastic body, quartz movement and quantity-based pricing from OSIRA.,OSIRA 14 inch Silver White 14 Inch Wall Clocks,Market-researched OSIRA catalogue concept based on currently listed Indian supplier specifications. 14 inch silver white wall clock with plastic body and quartz movement; suitable for homes, offices, retail and commercial spaces. Confirm final colour, packaging, MOQ and commercial price before purchase.,Observed Indian supplier listings in 14 Inch Plastic Wall Clocks; reference price used as market benchmark, not OSIRA's final selling price.,https://www.tradeindia.com/products/decorative-plastic-wall-clock-10490613.html
14 Inch Plastic Wall Clocks,14-inch-plastic-wall-clocks,OSIRA 14 inch Glossy White 14 Inch Wall Clocks,14-inch-plastic-wall-clocks-glossy-white,14 inch,Plastic,Round,Quartz,Polished,Black | White | Silver | Brown | Golden,Home / Office / Retail / Commercial,260,Market reference,250,14 inch wall clock,14 inch plastic wall clocks, wall clock wholesale, wall clock manufacturer India, wall clock supplier Jaipur, plastic wall clock, bulk wall clock,OSIRA 14 inch Glossy White 14 Inch Wall Clocks | Wholesale Wall Clock Supplier,Source 14 inch glossy white wall clocks for wholesale, retail and business orders. Plastic body, quartz movement and quantity-based pricing from OSIRA.,OSIRA 14 inch Glossy White 14 Inch Wall Clocks,Market-researched OSIRA catalogue concept based on currently listed Indian supplier specifications. 14 inch glossy white wall clock with plastic body and quartz movement; suitable for homes, offices, retail and commercial spaces. Confirm final colour, packaging, MOQ and commercial price before purchase.,Observed Indian supplier listings in 14 Inch Plastic Wall Clocks; reference price used as market benchmark, not OSIRA's final selling price.,https://www.tradeindia.com/products/decorative-plastic-wall-clock-10490613.html
14 Inch Plastic Wall Clocks,14-inch-plastic-wall-clocks,OSIRA 14 inch Dark Brown & White 14 Inch Wall Clocks,14-inch-plastic-wall-clocks-dark-brown-white,14 inch,Plastic,Square,Quartz,Matte / Gloss,Black | White | Silver,Home / Office / Retail / Commercial,280,Market reference,225,14 inch wall clock,14 inch plastic wall clocks, wall clock wholesale, wall clock manufacturer India, wall clock supplier Jaipur, plastic wall clock, bulk wall clock,OSIRA 14 inch Dark Brown & White 14 Inch Wall Clocks | Wholesale Wall Clock Supplier,Source 14 inch dark brown & white wall clocks for wholesale, retail and business orders. Plastic body, quartz movement and quantity-based pricing from OSIRA.,OSIRA 14 inch Dark Brown & White 14 Inch Wall Clocks,Market-researched OSIRA catalogue concept based on currently listed Indian supplier specifications. 14 inch dark brown & white wall clock with plastic body and quartz movement; suitable for homes, offices, retail and commercial spaces. Confirm final colour, packaging, MOQ and commercial price before purchase.,Observed Indian supplier listings in 14 Inch Plastic Wall Clocks; reference price used as market benchmark, not OSIRA's final selling price.,https://www.tradeindia.com/products/decorative-plastic-wall-clock-10490613.html
14 Inch Plastic Wall Clocks,14-inch-plastic-wall-clocks,OSIRA 14 inch Golden Frame 14 Inch Wall Clocks,14-inch-plastic-wall-clocks-golden-frame,14 inch,Plastic,Round,Quartz,Polished,Black | White | Silver | Brown,Home / Office / Retail / Commercial,300,Market reference,300,14 inch wall clock,14 inch plastic wall clocks, wall clock wholesale, wall clock manufacturer India, wall clock supplier Jaipur, plastic wall clock, bulk wall clock,OSIRA 14 inch Golden Frame 14 Inch Wall Clocks | Wholesale Wall Clock Supplier,Source 14 inch golden frame wall clocks for wholesale, retail and business orders. Plastic body, quartz movement and quantity-based pricing from OSIRA.,OSIRA 14 inch Golden Frame 14 Inch Wall Clocks,Market-researched OSIRA catalogue concept based on currently listed Indian supplier specifications. 14 inch golden frame wall clock with plastic body and quartz movement; suitable for homes, offices, retail and commercial spaces. Confirm final colour, packaging, MOQ and commercial price before purchase.,Observed Indian supplier listings in 14 Inch Plastic Wall Clocks; reference price used as market benchmark, not OSIRA's final selling price.,https://www.tradeindia.com/products/decorative-plastic-wall-clock-10490613.html
14 Inch Plastic Wall Clocks,14-inch-plastic-wall-clocks,OSIRA 14 inch Minimal Grey 14 Inch Wall Clocks,14-inch-plastic-wall-clocks-minimal-grey,14 inch,Plastic,Round,Quartz,Matte / Gloss,Black | White | Silver | Brown | Golden,Home / Office / Retail / Commercial,220,Market reference,275,14 inch wall clock,14 inch plastic wall clocks, wall clock wholesale, wall clock manufacturer India, wall clock supplier Jaipur, plastic wall clock, bulk wall clock,OSIRA 14 inch Minimal Grey 14 Inch Wall Clocks | Wholesale Wall Clock Supplier,Source 14 inch minimal grey wall clocks for wholesale, retail and business orders. Plastic body, quartz movement and quantity-based pricing from OSIRA.,OSIRA 14 inch Minimal Grey 14 Inch Wall Clocks,Market-researched OSIRA catalogue concept based on currently listed Indian supplier specifications. 14 inch minimal grey wall clock with plastic body and quartz movement; suitable for homes, offices, retail and commercial spaces. Confirm final colour, packaging, MOQ and commercial price before purchase.,Observed Indian supplier listings in 14 Inch Plastic Wall Clocks; reference price used as market benchmark, not OSIRA's final selling price.,https://www.tradeindia.com/products/decorative-plastic-wall-clock-10490613.html
14 Inch Plastic Wall Clocks,14-inch-plastic-wall-clocks,OSIRA 14 inch Bold Numeral 14 Inch Wall Clocks,14-inch-plastic-wall-clocks-bold-numeral,14 inch,Plastic,Round,Quartz,Polished,Black | White | Silver,Home / Office / Retail / Commercial,240,Market reference,250,14 inch wall clock,14 inch plastic wall clocks, wall clock wholesale, wall clock manufacturer India, wall clock supplier Jaipur, plastic wall clock, bulk wall clock,OSIRA 14 inch Bold Numeral 14 Inch Wall Clocks | Wholesale Wall Clock Supplier,Source 14 inch bold numeral wall clocks for wholesale, retail and business orders. Plastic body, quartz movement and quantity-based pricing from OSIRA.,OSIRA 14 inch Bold Numeral 14 Inch Wall Clocks,Market-researched OSIRA catalogue concept based on currently listed Indian supplier specifications. 14 inch bold numeral wall clock with plastic body and quartz movement; suitable for homes, offices, retail and commercial spaces. Confirm final colour, packaging, MOQ and commercial price before purchase.,Observed Indian supplier listings in 14 Inch Plastic Wall Clocks; reference price used as market benchmark, not OSIRA's final selling price.,https://www.tradeindia.com/products/decorative-plastic-wall-clock-10490613.html
14 Inch Plastic Wall Clocks,14-inch-plastic-wall-clocks,OSIRA 14 inch Modern Square 14 Inch Wall Clocks,14-inch-plastic-wall-clocks-modern-square,14 inch,Plastic,Square,Quartz,Matte / Gloss,Black | White | Silver | Brown,Home / Office / Retail / Commercial,260,Market reference,225,14 inch wall clock,14 inch plastic wall clocks, wall clock wholesale, wall clock manufacturer India, wall clock supplier Jaipur, plastic wall clock, bulk wall clock,OSIRA 14 inch Modern Square 14 Inch Wall Clocks | Wholesale Wall Clock Supplier,Source 14 inch modern square wall clocks for wholesale, retail and business orders. Plastic body, quartz movement and quantity-based pricing from OSIRA.,OSIRA 14 inch Modern Square 14 Inch Wall Clocks,Market-researched OSIRA catalogue concept based on currently listed Indian supplier specifications. 14 inch modern square wall clock with plastic body and quartz movement; suitable for homes, offices, retail and commercial spaces. Confirm final colour, packaging, MOQ and commercial price before purchase.,Observed Indian supplier listings in 14 Inch Plastic Wall Clocks; reference price used as market benchmark, not OSIRA's final selling price.,https://www.tradeindia.com/products/decorative-plastic-wall-clock-10490613.html
14 Inch Plastic Wall Clocks,14-inch-plastic-wall-clocks,OSIRA 14 inch Wooden Finish 14 Inch Wall Clocks,14-inch-plastic-wall-clocks-wooden-finish,14 inch,Plastic,Round,Quartz,Polished,Black | White | Silver | Brown | Golden,Home / Office / Retail / Commercial,280,Market reference,300,14 inch wall clock,14 inch plastic wall clocks, wall clock wholesale, wall clock manufacturer India, wall clock supplier Jaipur, plastic wall clock, bulk wall clock,OSIRA 14 inch Wooden Finish 14 Inch Wall Clocks | Wholesale Wall Clock Supplier,Source 14 inch wooden finish wall clocks for wholesale, retail and business orders. Plastic body, quartz movement and quantity-based pricing from OSIRA.,OSIRA 14 inch Wooden Finish 14 Inch Wall Clocks,Market-researched OSIRA catalogue concept based on currently listed Indian supplier specifications. 14 inch wooden finish wall clock with plastic body and quartz movement; suitable for homes, offices, retail and commercial spaces. Confirm final colour, packaging, MOQ and commercial price before purchase.,Observed Indian supplier listings in 14 Inch Plastic Wall Clocks; reference price used as market benchmark, not OSIRA's final selling price.,https://www.tradeindia.com/products/decorative-plastic-wall-clock-10490613.html
14 Inch Plastic Wall Clocks,14-inch-plastic-wall-clocks,OSIRA 14 inch Premium Multicolor 14 Inch Wall Clocks,14-inch-plastic-wall-clocks-premium-multicolor,14 inch,Plastic,Round,Quartz,Matte / Gloss,Black | White | Silver,Home / Office / Retail / Commercial,300,Market reference,275,14 inch wall clock,14 inch plastic wall clocks, wall clock wholesale, wall clock manufacturer India, wall clock supplier Jaipur, plastic wall clock, bulk wall clock,OSIRA 14 inch Premium Multicolor 14 Inch Wall Clocks | Wholesale Wall Clock Supplier,Source 14 inch premium multicolor wall clocks for wholesale, retail and business orders. Plastic body, quartz movement and quantity-based pricing from OSIRA.,OSIRA 14 inch Premium Multicolor 14 Inch Wall Clocks,Market-researched OSIRA catalogue concept based on currently listed Indian supplier specifications. 14 inch premium multicolor wall clock with plastic body and quartz movement; suitable for homes, offices, retail and commercial spaces. Confirm final colour, packaging, MOQ and commercial price before purchase.,Observed Indian supplier listings in 14 Inch Plastic Wall Clocks; reference price used as market benchmark, not OSIRA's final selling price.,https://www.tradeindia.com/products/decorative-plastic-wall-clock-10490613.html
Designer Plastic Wall Clocks,designer-plastic-wall-clocks,OSIRA 10-14 inch Classic Black Designer Wall Clocks,designer-plastic-wall-clocks-classic-black,10-14 inch,Plastic,Round,Quartz,Polished,Black | White | Silver,Home / Office / Retail / Commercial,180,Market reference,250,designer plastic wall clocks,designer plastic wall clocks, wall clock wholesale, wall clock manufacturer India, wall clock supplier Jaipur, plastic wall clock, bulk wall clock,OSIRA 10-14 inch Classic Black Designer Wall Clocks | Wholesale Wall Clock Supplier,Source 10-14 inch classic black wall clocks for wholesale, retail and business orders. Plastic body, quartz movement and quantity-based pricing from OSIRA.,OSIRA 10-14 inch Classic Black Designer Wall Clocks,Market-researched OSIRA catalogue concept based on currently listed Indian supplier specifications. 10-14 inch classic black wall clock with plastic body and quartz movement; suitable for homes, offices, retail and commercial spaces. Confirm final colour, packaging, MOQ and commercial price before purchase.,Observed Indian supplier listings in Designer Plastic Wall Clocks; reference price used as market benchmark, not OSIRA's final selling price.,https://www.tradeindia.com/manufacturers/plastic-wall-clock.html
Designer Plastic Wall Clocks,designer-plastic-wall-clocks,OSIRA 10-14 inch Silver White Designer Wall Clocks,designer-plastic-wall-clocks-silver-white,10-14 inch,Plastic,Round,Quartz,Matte / Gloss,Black | White | Silver | Brown,Home / Office / Retail / Commercial,200,Market reference,225,designer plastic wall clocks,designer plastic wall clocks, wall clock wholesale, wall clock manufacturer India, wall clock supplier Jaipur, plastic wall clock, bulk wall clock,OSIRA 10-14 inch Silver White Designer Wall Clocks | Wholesale Wall Clock Supplier,Source 10-14 inch silver white wall clocks for wholesale, retail and business orders. Plastic body, quartz movement and quantity-based pricing from OSIRA.,OSIRA 10-14 inch Silver White Designer Wall Clocks,Market-researched OSIRA catalogue concept based on currently listed Indian supplier specifications. 10-14 inch silver white wall clock with plastic body and quartz movement; suitable for homes, offices, retail and commercial spaces. Confirm final colour, packaging, MOQ and commercial price before purchase.,Observed Indian supplier listings in Designer Plastic Wall Clocks; reference price used as market benchmark, not OSIRA's final selling price.,https://www.tradeindia.com/manufacturers/plastic-wall-clock.html
Designer Plastic Wall Clocks,designer-plastic-wall-clocks,OSIRA 10-14 inch Glossy White Designer Wall Clocks,designer-plastic-wall-clocks-glossy-white,10-14 inch,Plastic,Round,Quartz,Polished,Black | White | Silver | Brown | Golden,Home / Office / Retail / Commercial,220,Market reference,200,designer plastic wall clocks,designer plastic wall clocks, wall clock wholesale, wall clock manufacturer India, wall clock supplier Jaipur, plastic wall clock, bulk wall clock,OSIRA 10-14 inch Glossy White Designer Wall Clocks | Wholesale Wall Clock Supplier,Source 10-14 inch glossy white wall clocks for wholesale, retail and business orders. Plastic body, quartz movement and quantity-based pricing from OSIRA.,OSIRA 10-14 inch Glossy White Designer Wall Clocks,Market-researched OSIRA catalogue concept based on currently listed Indian supplier specifications. 10-14 inch glossy white wall clock with plastic body and quartz movement; suitable for homes, offices, retail and commercial spaces. Confirm final colour, packaging, MOQ and commercial price before purchase.,Observed Indian supplier listings in Designer Plastic Wall Clocks; reference price used as market benchmark, not OSIRA's final selling price.,https://www.tradeindia.com/manufacturers/plastic-wall-clock.html
Designer Plastic Wall Clocks,designer-plastic-wall-clocks,OSIRA 10-14 inch Dark Brown & White Designer Wall Clocks,designer-plastic-wall-clocks-dark-brown-white,10-14 inch,Plastic,Square,Quartz,Matte / Gloss,Black | White | Silver,Home / Office / Retail / Commercial,240,Market reference,175,designer plastic wall clocks,designer plastic wall clocks, wall clock wholesale, wall clock manufacturer India, wall clock supplier Jaipur, plastic wall clock, bulk wall clock,OSIRA 10-14 inch Dark Brown & White Designer Wall Clocks | Wholesale Wall Clock Supplier,Source 10-14 inch dark brown & white wall clocks for wholesale, retail and business orders. Plastic body, quartz movement and quantity-based pricing from OSIRA.,OSIRA 10-14 inch Dark Brown & White Designer Wall Clocks,Market-researched OSIRA catalogue concept based on currently listed Indian supplier specifications. 10-14 inch dark brown & white wall clock with plastic body and quartz movement; suitable for homes, offices, retail and commercial spaces. Confirm final colour, packaging, MOQ and commercial price before purchase.,Observed Indian supplier listings in Designer Plastic Wall Clocks; reference price used as market benchmark, not OSIRA's final selling price.,https://www.tradeindia.com/manufacturers/plastic-wall-clock.html
Designer Plastic Wall Clocks,designer-plastic-wall-clocks,OSIRA 10-14 inch Golden Frame Designer Wall Clocks,designer-plastic-wall-clocks-golden-frame,10-14 inch,Plastic,Round,Quartz,Polished,Black | White | Silver | Brown,Home / Office / Retail / Commercial,260,Market reference,250,designer plastic wall clocks,designer plastic wall clocks, wall clock wholesale, wall clock manufacturer India, wall clock supplier Jaipur, plastic wall clock, bulk wall clock,OSIRA 10-14 inch Golden Frame Designer Wall Clocks | Wholesale Wall Clock Supplier,Source 10-14 inch golden frame wall clocks for wholesale, retail and business orders. Plastic body, quartz movement and quantity-based pricing from OSIRA.,OSIRA 10-14 inch Golden Frame Designer Wall Clocks,Market-researched OSIRA catalogue concept based on currently listed Indian supplier specifications. 10-14 inch golden frame wall clock with plastic body and quartz movement; suitable for homes, offices, retail and commercial spaces. Confirm final colour, packaging, MOQ and commercial price before purchase.,Observed Indian supplier listings in Designer Plastic Wall Clocks; reference price used as market benchmark, not OSIRA's final selling price.,https://www.tradeindia.com/manufacturers/plastic-wall-clock.html
Designer Plastic Wall Clocks,designer-plastic-wall-clocks,OSIRA 10-14 inch Minimal Grey Designer Wall Clocks,designer-plastic-wall-clocks-minimal-grey,10-14 inch,Plastic,Round,Quartz,Matte / Gloss,Black | White | Silver | Brown | Golden,Home / Office / Retail / Commercial,180,Market reference,225,designer plastic wall clocks,designer plastic wall clocks, wall clock wholesale, wall clock manufacturer India, wall clock supplier Jaipur, plastic wall clock, bulk wall clock,OSIRA 10-14 inch Minimal Grey Designer Wall Clocks | Wholesale Wall Clock Supplier,Source 10-14 inch minimal grey wall clocks for wholesale, retail and business orders. Plastic body, quartz movement and quantity-based pricing from OSIRA.,OSIRA 10-14 inch Minimal Grey Designer Wall Clocks,Market-researched OSIRA catalogue concept based on currently listed Indian supplier specifications. 10-14 inch minimal grey wall clock with plastic body and quartz movement; suitable for homes, offices, retail and commercial spaces. Confirm final colour, packaging, MOQ and commercial price before purchase.,Observed Indian supplier listings in Designer Plastic Wall Clocks; reference price used as market benchmark, not OSIRA's final selling price.,https://www.tradeindia.com/manufacturers/plastic-wall-clock.html
Designer Plastic Wall Clocks,designer-plastic-wall-clocks,OSIRA 10-14 inch Bold Numeral Designer Wall Clocks,designer-plastic-wall-clocks-bold-numeral,10-14 inch,Plastic,Round,Quartz,Polished,Black | White | Silver,Home / Office / Retail / Commercial,200,Market reference,200,designer plastic wall clocks,designer plastic wall clocks, wall clock wholesale, wall clock manufacturer India, wall clock supplier Jaipur, plastic wall clock, bulk wall clock,OSIRA 10-14 inch Bold Numeral Designer Wall Clocks | Wholesale Wall Clock Supplier,Source 10-14 inch bold numeral wall clocks for wholesale, retail and business orders. Plastic body, quartz movement and quantity-based pricing from OSIRA.,OSIRA 10-14 inch Bold Numeral Designer Wall Clocks,Market-researched OSIRA catalogue concept based on currently listed Indian supplier specifications. 10-14 inch bold numeral wall clock with plastic body and quartz movement; suitable for homes, offices, retail and commercial spaces. Confirm final colour, packaging, MOQ and commercial price before purchase.,Observed Indian supplier listings in Designer Plastic Wall Clocks; reference price used as market benchmark, not OSIRA's final selling price.,https://www.tradeindia.com/manufacturers/plastic-wall-clock.html
Designer Plastic Wall Clocks,designer-plastic-wall-clocks,OSIRA 10-14 inch Modern Square Designer Wall Clocks,designer-plastic-wall-clocks-modern-square,10-14 inch,Plastic,Square,Quartz,Matte / Gloss,Black | White | Silver | Brown,Home / Office / Retail / Commercial,220,Market reference,175,designer plastic wall clocks,designer plastic wall clocks, wall clock wholesale, wall clock manufacturer India, wall clock supplier Jaipur, plastic wall clock, bulk wall clock,OSIRA 10-14 inch Modern Square Designer Wall Clocks | Wholesale Wall Clock Supplier,Source 10-14 inch modern square wall clocks for wholesale, retail and business orders. Plastic body, quartz movement and quantity-based pricing from OSIRA.,OSIRA 10-14 inch Modern Square Designer Wall Clocks,Market-researched OSIRA catalogue concept based on currently listed Indian supplier specifications. 10-14 inch modern square wall clock with plastic body and quartz movement; suitable for homes, offices, retail and commercial spaces. Confirm final colour, packaging, MOQ and commercial price before purchase.,Observed Indian supplier listings in Designer Plastic Wall Clocks; reference price used as market benchmark, not OSIRA's final selling price.,https://www.tradeindia.com/manufacturers/plastic-wall-clock.html
Designer Plastic Wall Clocks,designer-plastic-wall-clocks,OSIRA 10-14 inch Wooden Finish Designer Wall Clocks,designer-plastic-wall-clocks-wooden-finish,10-14 inch,Plastic,Round,Quartz,Polished,Black | White | Silver | Brown | Golden,Home / Office / Retail / Commercial,240,Market reference,250,designer plastic wall clocks,designer plastic wall clocks, wall clock wholesale, wall clock manufacturer India, wall clock supplier Jaipur, plastic wall clock, bulk wall clock,OSIRA 10-14 inch Wooden Finish Designer Wall Clocks | Wholesale Wall Clock Supplier,Source 10-14 inch wooden finish wall clocks for wholesale, retail and business orders. Plastic body, quartz movement and quantity-based pricing from OSIRA.,OSIRA 10-14 inch Wooden Finish Designer Wall Clocks,Market-researched OSIRA catalogue concept based on currently listed Indian supplier specifications. 10-14 inch wooden finish wall clock with plastic body and quartz movement; suitable for homes, offices, retail and commercial spaces. Confirm final colour, packaging, MOQ and commercial price before purchase.,Observed Indian supplier listings in Designer Plastic Wall Clocks; reference price used as market benchmark, not OSIRA's final selling price.,https://www.tradeindia.com/manufacturers/plastic-wall-clock.html
Designer Plastic Wall Clocks,designer-plastic-wall-clocks,OSIRA 10-14 inch Premium Multicolor Designer Wall Clocks,designer-plastic-wall-clocks-premium-multicolor,10-14 inch,Plastic,Round,Quartz,Matte / Gloss,Black | White | Silver,Home / Office / Retail / Commercial,260,Market reference,225,designer plastic wall clocks,designer plastic wall clocks, wall clock wholesale, wall clock manufacturer India, wall clock supplier Jaipur, plastic wall clock, bulk wall clock,OSIRA 10-14 inch Premium Multicolor Designer Wall Clocks | Wholesale Wall Clock Supplier,Source 10-14 inch premium multicolor wall clocks for wholesale, retail and business orders. Plastic body, quartz movement and quantity-based pricing from OSIRA.,OSIRA 10-14 inch Premium Multicolor Designer Wall Clocks,Market-researched OSIRA catalogue concept based on currently listed Indian supplier specifications. 10-14 inch premium multicolor wall clock with plastic body and quartz movement; suitable for homes, offices, retail and commercial spaces. Confirm final colour, packaging, MOQ and commercial price before purchase.,Observed Indian supplier listings in Designer Plastic Wall Clocks; reference price used as market benchmark, not OSIRA's final selling price.,https://www.tradeindia.com/manufacturers/plastic-wall-clock.html
Decorative Plastic Wall Clocks,decorative-plastic-wall-clocks,OSIRA 10-14 inch Classic Black Decorative Wall Clocks,decorative-plastic-wall-clocks-classic-black,10-14 inch,Plastic,Round,Quartz,Polished,Black | White | Silver,Home / Office / Retail / Commercial,160,Market reference,400,decorative plastic wall clocks,decorative plastic wall clocks, wall clock wholesale, wall clock manufacturer India, wall clock supplier Jaipur, plastic wall clock, bulk wall clock,OSIRA 10-14 inch Classic Black Decorative Wall Clocks | Wholesale Wall Clock Supplier,Source 10-14 inch classic black wall clocks for wholesale, retail and business orders. Plastic body, quartz movement and quantity-based pricing from OSIRA.,OSIRA 10-14 inch Classic Black Decorative Wall Clocks,Market-researched OSIRA catalogue concept based on currently listed Indian supplier specifications. 10-14 inch classic black wall clock with plastic body and quartz movement; suitable for homes, offices, retail and commercial spaces. Confirm final colour, packaging, MOQ and commercial price before purchase.,Observed Indian supplier listings in Decorative Plastic Wall Clocks; reference price used as market benchmark, not OSIRA's final selling price.,https://www.tradeindia.com/products/decorative-plastic-wall-clock-10058982.html
Decorative Plastic Wall Clocks,decorative-plastic-wall-clocks,OSIRA 10-14 inch Silver White Decorative Wall Clocks,decorative-plastic-wall-clocks-silver-white,10-14 inch,Plastic,Round,Quartz,Matte / Gloss,Black | White | Silver | Brown,Home / Office / Retail / Commercial,180,Market reference,375,decorative plastic wall clocks,decorative plastic wall clocks, wall clock wholesale, wall clock manufacturer India, wall clock supplier Jaipur, plastic wall clock, bulk wall clock,OSIRA 10-14 inch Silver White Decorative Wall Clocks | Wholesale Wall Clock Supplier,Source 10-14 inch silver white wall clocks for wholesale, retail and business orders. Plastic body, quartz movement and quantity-based pricing from OSIRA.,OSIRA 10-14 inch Silver White Decorative Wall Clocks,Market-researched OSIRA catalogue concept based on currently listed Indian supplier specifications. 10-14 inch silver white wall clock with plastic body and quartz movement; suitable for homes, offices, retail and commercial spaces. Confirm final colour, packaging, MOQ and commercial price before purchase.,Observed Indian supplier listings in Decorative Plastic Wall Clocks; reference price used as market benchmark, not OSIRA's final selling price.,https://www.tradeindia.com/products/decorative-plastic-wall-clock-10058982.html
Decorative Plastic Wall Clocks,decorative-plastic-wall-clocks,OSIRA 10-14 inch Glossy White Decorative Wall Clocks,decorative-plastic-wall-clocks-glossy-white,10-14 inch,Plastic,Round,Quartz,Polished,Black | White | Silver | Brown | Golden,Home / Office / Retail / Commercial,200,Market reference,350,decorative plastic wall clocks,decorative plastic wall clocks, wall clock wholesale, wall clock manufacturer India, wall clock supplier Jaipur, plastic wall clock, bulk wall clock,OSIRA 10-14 inch Glossy White Decorative Wall Clocks | Wholesale Wall Clock Supplier,Source 10-14 inch glossy white wall clocks for wholesale, retail and business orders. Plastic body, quartz movement and quantity-based pricing from OSIRA.,OSIRA 10-14 inch Glossy White Decorative Wall Clocks,Market-researched OSIRA catalogue concept based on currently listed Indian supplier specifications. 10-14 inch glossy white wall clock with plastic body and quartz movement; suitable for homes, offices, retail and commercial spaces. Confirm final colour, packaging, MOQ and commercial price before purchase.,Observed Indian supplier listings in Decorative Plastic Wall Clocks; reference price used as market benchmark, not OSIRA's final selling price.,https://www.tradeindia.com/products/decorative-plastic-wall-clock-10058982.html
Decorative Plastic Wall Clocks,decorative-plastic-wall-clocks,OSIRA 10-14 inch Dark Brown & White Decorative Wall Clocks,decorative-plastic-wall-clocks-dark-brown-white,10-14 inch,Plastic,Square,Quartz,Matte / Gloss,Black | White | Silver,Home / Office / Retail / Commercial,220,Market reference,325,decorative plastic wall clocks,decorative plastic wall clocks, wall clock wholesale, wall clock manufacturer India, wall clock supplier Jaipur, plastic wall clock, bulk wall clock,OSIRA 10-14 inch Dark Brown & White Decorative Wall Clocks | Wholesale Wall Clock Supplier,Source 10-14 inch dark brown & white wall clocks for wholesale, retail and business orders. Plastic body, quartz movement and quantity-based pricing from OSIRA.,OSIRA 10-14 inch Dark Brown & White Decorative Wall Clocks,Market-researched OSIRA catalogue concept based on currently listed Indian supplier specifications. 10-14 inch dark brown & white wall clock with plastic body and quartz movement; suitable for homes, offices, retail and commercial spaces. Confirm final colour, packaging, MOQ and commercial price before purchase.,Observed Indian supplier listings in Decorative Plastic Wall Clocks; reference price used as market benchmark, not OSIRA's final selling price.,https://www.tradeindia.com/products/decorative-plastic-wall-clock-10058982.html
Decorative Plastic Wall Clocks,decorative-plastic-wall-clocks,OSIRA 10-14 inch Golden Frame Decorative Wall Clocks,decorative-plastic-wall-clocks-golden-frame,10-14 inch,Plastic,Round,Quartz,Polished,Black | White | Silver | Brown,Home / Office / Retail / Commercial,240,Market reference,400,decorative plastic wall clocks,decorative plastic wall clocks, wall clock wholesale, wall clock manufacturer India, wall clock supplier Jaipur, plastic wall clock, bulk wall clock,OSIRA 10-14 inch Golden Frame Decorative Wall Clocks | Wholesale Wall Clock Supplier,Source 10-14 inch golden frame wall clocks for wholesale, retail and business orders. Plastic body, quartz movement and quantity-based pricing from OSIRA.,OSIRA 10-14 inch Golden Frame Decorative Wall Clocks,Market-researched OSIRA catalogue concept based on currently listed Indian supplier specifications. 10-14 inch golden frame wall clock with plastic body and quartz movement; suitable for homes, offices, retail and commercial spaces. Confirm final colour, packaging, MOQ and commercial price before purchase.,Observed Indian supplier listings in Decorative Plastic Wall Clocks; reference price used as market benchmark, not OSIRA's final selling price.,https://www.tradeindia.com/products/decorative-plastic-wall-clock-10058982.html
Decorative Plastic Wall Clocks,decorative-plastic-wall-clocks,OSIRA 10-14 inch Minimal Grey Decorative Wall Clocks,decorative-plastic-wall-clocks-minimal-grey,10-14 inch,Plastic,Round,Quartz,Matte / Gloss,Black | White | Silver | Brown | Golden,Home / Office / Retail / Commercial,160,Market reference,375,decorative plastic wall clocks,decorative plastic wall clocks, wall clock wholesale, wall clock manufacturer India, wall clock supplier Jaipur, plastic wall clock, bulk wall clock,OSIRA 10-14 inch Minimal Grey Decorative Wall Clocks | Wholesale Wall Clock Supplier,Source 10-14 inch minimal grey wall clocks for wholesale, retail and business orders. Plastic body, quartz movement and quantity-based pricing from OSIRA.,OSIRA 10-14 inch Minimal Grey Decorative Wall Clocks,Market-researched OSIRA catalogue concept based on currently listed Indian supplier specifications. 10-14 inch minimal grey wall clock with plastic body and quartz movement; suitable for homes, offices, retail and commercial spaces. Confirm final colour, packaging, MOQ and commercial price before purchase.,Observed Indian supplier listings in Decorative Plastic Wall Clocks; reference price used as market benchmark, not OSIRA's final selling price.,https://www.tradeindia.com/products/decorative-plastic-wall-clock-10058982.html
Decorative Plastic Wall Clocks,decorative-plastic-wall-clocks,OSIRA 10-14 inch Bold Numeral Decorative Wall Clocks,decorative-plastic-wall-clocks-bold-numeral,10-14 inch,Plastic,Round,Quartz,Polished,Black | White | Silver,Home / Office / Retail / Commercial,180,Market reference,350,decorative plastic wall clocks,decorative plastic wall clocks, wall clock wholesale, wall clock manufacturer India, wall clock supplier Jaipur, plastic wall clock, bulk wall clock,OSIRA 10-14 inch Bold Numeral Decorative Wall Clocks | Wholesale Wall Clock Supplier,Source 10-14 inch bold numeral wall clocks for wholesale, retail and business orders. Plastic body, quartz movement and quantity-based pricing from OSIRA.,OSIRA 10-14 inch Bold Numeral Decorative Wall Clocks,Market-researched OSIRA catalogue concept based on currently listed Indian supplier specifications. 10-14 inch bold numeral wall clock with plastic body and quartz movement; suitable for homes, offices, retail and commercial spaces. Confirm final colour, packaging, MOQ and commercial price before purchase.,Observed Indian supplier listings in Decorative Plastic Wall Clocks; reference price used as market benchmark, not OSIRA's final selling price.,https://www.tradeindia.com/products/decorative-plastic-wall-clock-10058982.html
Decorative Plastic Wall Clocks,decorative-plastic-wall-clocks,OSIRA 10-14 inch Modern Square Decorative Wall Clocks,decorative-plastic-wall-clocks-modern-square,10-14 inch,Plastic,Square,Quartz,Matte / Gloss,Black | White | Silver | Brown,Home / Office / Retail / Commercial,200,Market reference,325,decorative plastic wall clocks,decorative plastic wall clocks, wall clock wholesale, wall clock manufacturer India, wall clock supplier Jaipur, plastic wall clock, bulk wall clock,OSIRA 10-14 inch Modern Square Decorative Wall Clocks | Wholesale Wall Clock Supplier,Source 10-14 inch modern square wall clocks for wholesale, retail and business orders. Plastic body, quartz movement and quantity-based pricing from OSIRA.,OSIRA 10-14 inch Modern Square Decorative Wall Clocks,Market-researched OSIRA catalogue concept based on currently listed Indian supplier specifications. 10-14 inch modern square wall clock with plastic body and quartz movement; suitable for homes, offices, retail and commercial spaces. Confirm final colour, packaging, MOQ and commercial price before purchase.,Observed Indian supplier listings in Decorative Plastic Wall Clocks; reference price used as market benchmark, not OSIRA's final selling price.,https://www.tradeindia.com/products/decorative-plastic-wall-clock-10058982.html
Decorative Plastic Wall Clocks,decorative-plastic-wall-clocks,OSIRA 10-14 inch Wooden Finish Decorative Wall Clocks,decorative-plastic-wall-clocks-wooden-finish,10-14 inch,Plastic,Round,Quartz,Polished,Black | White | Silver | Brown | Golden,Home / Office / Retail / Commercial,220,Market reference,400,decorative plastic wall clocks,decorative plastic wall clocks, wall clock wholesale, wall clock manufacturer India, wall clock supplier Jaipur, plastic wall clock, bulk wall clock,OSIRA 10-14 inch Wooden Finish Decorative Wall Clocks | Wholesale Wall Clock Supplier,Source 10-14 inch wooden finish wall clocks for wholesale, retail and business orders. Plastic body, quartz movement and quantity-based pricing from OSIRA.,OSIRA 10-14 inch Wooden Finish Decorative Wall Clocks,Market-researched OSIRA catalogue concept based on currently listed Indian supplier specifications. 10-14 inch wooden finish wall clock with plastic body and quartz movement; suitable for homes, offices, retail and commercial spaces. Confirm final colour, packaging, MOQ and commercial price before purchase.,Observed Indian supplier listings in Decorative Plastic Wall Clocks; reference price used as market benchmark, not OSIRA's final selling price.,https://www.tradeindia.com/products/decorative-plastic-wall-clock-10058982.html
Decorative Plastic Wall Clocks,decorative-plastic-wall-clocks,OSIRA 10-14 inch Premium Multicolor Decorative Wall Clocks,decorative-plastic-wall-clocks-premium-multicolor,10-14 inch,Plastic,Round,Quartz,Matte / Gloss,Black | White | Silver,Home / Office / Retail / Commercial,240,Market reference,375,decorative plastic wall clocks,decorative plastic wall clocks, wall clock wholesale, wall clock manufacturer India, wall clock supplier Jaipur, plastic wall clock, bulk wall clock,OSIRA 10-14 inch Premium Multicolor Decorative Wall Clocks | Wholesale Wall Clock Supplier,Source 10-14 inch premium multicolor wall clocks for wholesale, retail and business orders. Plastic body, quartz movement and quantity-based pricing from OSIRA.,OSIRA 10-14 inch Premium Multicolor Decorative Wall Clocks,Market-researched OSIRA catalogue concept based on currently listed Indian supplier specifications. 10-14 inch premium multicolor wall clock with plastic body and quartz movement; suitable for homes, offices, retail and commercial spaces. Confirm final colour, packaging, MOQ and commercial price before purchase.,Observed Indian supplier listings in Decorative Plastic Wall Clocks; reference price used as market benchmark, not OSIRA's final selling price.,https://www.tradeindia.com/products/decorative-plastic-wall-clock-10058982.html
Promotional & Corporate Wall Clocks,promotional-corporate-wall-clocks,OSIRA 10-14 inch Classic Black Promotional Corporate Wall Clocks,promotional-corporate-wall-clocks-classic-black,10-14 inch,Plastic,Round,Quartz,Polished,Black | White | Silver,Corporate / Promotional / Gifting,100,Market reference,300,promotional corporate wall clocks,promotional & corporate wall clocks, wall clock wholesale, wall clock manufacturer India, wall clock supplier Jaipur, plastic wall clock, bulk wall clock,OSIRA 10-14 inch Classic Black Promotional Corporate Wall Clocks | Wholesale Wall Clock Supplier,Source 10-14 inch classic black wall clocks for wholesale, retail and business orders. Plastic body, quartz movement and quantity-based pricing from OSIRA.,OSIRA 10-14 inch Classic Black Promotional Corporate Wall Clocks,Market-researched OSIRA catalogue concept based on currently listed Indian supplier specifications. 10-14 inch classic black wall clock with plastic body and quartz movement; suitable for branding, advertising and corporate gifting. Confirm final colour, packaging, MOQ and commercial price before purchase.,Observed Indian supplier listings in Promotional & Corporate Wall Clocks; reference price used as market benchmark, not OSIRA's final selling price.,https://www.tradeindia.com/products/promotional-plastic-wall-clock-c12250646.html
Promotional & Corporate Wall Clocks,promotional-corporate-wall-clocks,OSIRA 10-14 inch Silver White Promotional Corporate Wall Clocks,promotional-corporate-wall-clocks-silver-white,10-14 inch,Plastic,Round,Quartz,Matte / Gloss,Black | White | Silver | Brown,Corporate / Promotional / Gifting,125,Market reference,275,promotional corporate wall clocks,promotional & corporate wall clocks, wall clock wholesale, wall clock manufacturer India, wall clock supplier Jaipur, plastic wall clock, bulk wall clock,OSIRA 10-14 inch Silver White Promotional Corporate Wall Clocks | Wholesale Wall Clock Supplier,Source 10-14 inch silver white wall clocks for wholesale, retail and business orders. Plastic body, quartz movement and quantity-based pricing from OSIRA.,OSIRA 10-14 inch Silver White Promotional Corporate Wall Clocks,Market-researched OSIRA catalogue concept based on currently listed Indian supplier specifications. 10-14 inch silver white wall clock with plastic body and quartz movement; suitable for branding, advertising and corporate gifting. Confirm final colour, packaging, MOQ and commercial price before purchase.,Observed Indian supplier listings in Promotional & Corporate Wall Clocks; reference price used as market benchmark, not OSIRA's final selling price.,https://www.tradeindia.com/products/promotional-plastic-wall-clock-c12250646.html
Promotional & Corporate Wall Clocks,promotional-corporate-wall-clocks,OSIRA 10-14 inch Glossy White Promotional Corporate Wall Clocks,promotional-corporate-wall-clocks-glossy-white,10-14 inch,Plastic,Round,Quartz,Polished,Black | White | Silver | Brown | Golden,Corporate / Promotional / Gifting,150,Market reference,250,promotional corporate wall clocks,promotional & corporate wall clocks, wall clock wholesale, wall clock manufacturer India, wall clock supplier Jaipur, plastic wall clock, bulk wall clock,OSIRA 10-14 inch Glossy White Promotional Corporate Wall Clocks | Wholesale Wall Clock Supplier,Source 10-14 inch glossy white wall clocks for wholesale, retail and business orders. Plastic body, quartz movement and quantity-based pricing from OSIRA.,OSIRA 10-14 inch Glossy White Promotional Corporate Wall Clocks,Market-researched OSIRA catalogue concept based on currently listed Indian supplier specifications. 10-14 inch glossy white wall clock with plastic body and quartz movement; suitable for branding, advertising and corporate gifting. Confirm final colour, packaging, MOQ and commercial price before purchase.,Observed Indian supplier listings in Promotional & Corporate Wall Clocks; reference price used as market benchmark, not OSIRA's final selling price.,https://www.tradeindia.com/products/promotional-plastic-wall-clock-c12250646.html
Promotional & Corporate Wall Clocks,promotional-corporate-wall-clocks,OSIRA 10-14 inch Dark Brown & White Promotional Corporate Wall Clocks,promotional-corporate-wall-clocks-dark-brown-white,10-14 inch,Plastic,Square,Quartz,Matte / Gloss,Black | White | Silver,Corporate / Promotional / Gifting,175,Market reference,225,promotional corporate wall clocks,promotional & corporate wall clocks, wall clock wholesale, wall clock manufacturer India, wall clock supplier Jaipur, plastic wall clock, bulk wall clock,OSIRA 10-14 inch Dark Brown & White Promotional Corporate Wall Clocks | Wholesale Wall Clock Supplier,Source 10-14 inch dark brown & white wall clocks for wholesale, retail and business orders. Plastic body, quartz movement and quantity-based pricing from OSIRA.,OSIRA 10-14 inch Dark Brown & White Promotional Corporate Wall Clocks,Market-researched OSIRA catalogue concept based on currently listed Indian supplier specifications. 10-14 inch dark brown & white wall clock with plastic body and quartz movement; suitable for branding, advertising and corporate gifting. Confirm final colour, packaging, MOQ and commercial price before purchase.,Observed Indian supplier listings in Promotional & Corporate Wall Clocks; reference price used as market benchmark, not OSIRA's final selling price.,https://www.tradeindia.com/products/promotional-plastic-wall-clock-c12250646.html
Promotional & Corporate Wall Clocks,promotional-corporate-wall-clocks,OSIRA 10-14 inch Golden Frame Promotional Corporate Wall Clocks,promotional-corporate-wall-clocks-golden-frame,10-14 inch,Plastic,Round,Quartz,Polished,Black | White | Silver | Brown,Corporate / Promotional / Gifting,200,Market reference,300,promotional corporate wall clocks,promotional & corporate wall clocks, wall clock wholesale, wall clock manufacturer India, wall clock supplier Jaipur, plastic wall clock, bulk wall clock,OSIRA 10-14 inch Golden Frame Promotional Corporate Wall Clocks | Wholesale Wall Clock Supplier,Source 10-14 inch golden frame wall clocks for wholesale, retail and business orders. Plastic body, quartz movement and quantity-based pricing from OSIRA.,OSIRA 10-14 inch Golden Frame Promotional Corporate Wall Clocks,Market-researched OSIRA catalogue concept based on currently listed Indian supplier specifications. 10-14 inch golden frame wall clock with plastic body and quartz movement; suitable for branding, advertising and corporate gifting. Confirm final colour, packaging, MOQ and commercial price before purchase.,Observed Indian supplier listings in Promotional & Corporate Wall Clocks; reference price used as market benchmark, not OSIRA's final selling price.,https://www.tradeindia.com/products/promotional-plastic-wall-clock-c12250646.html
Promotional & Corporate Wall Clocks,promotional-corporate-wall-clocks,OSIRA 10-14 inch Minimal Grey Promotional Corporate Wall Clocks,promotional-corporate-wall-clocks-minimal-grey,10-14 inch,Plastic,Round,Quartz,Matte / Gloss,Black | White | Silver | Brown | Golden,Corporate / Promotional / Gifting,100,Market reference,275,promotional corporate wall clocks,promotional & corporate wall clocks, wall clock wholesale, wall clock manufacturer India, wall clock supplier Jaipur, plastic wall clock, bulk wall clock,OSIRA 10-14 inch Minimal Grey Promotional Corporate Wall Clocks | Wholesale Wall Clock Supplier,Source 10-14 inch minimal grey wall clocks for wholesale, retail and business orders. Plastic body, quartz movement and quantity-based pricing from OSIRA.,OSIRA 10-14 inch Minimal Grey Promotional Corporate Wall Clocks,Market-researched OSIRA catalogue concept based on currently listed Indian supplier specifications. 10-14 inch minimal grey wall clock with plastic body and quartz movement; suitable for branding, advertising and corporate gifting. Confirm final colour, packaging, MOQ and commercial price before purchase.,Observed Indian supplier listings in Promotional & Corporate Wall Clocks; reference price used as market benchmark, not OSIRA's final selling price.,https://www.tradeindia.com/products/promotional-plastic-wall-clock-c12250646.html
Promotional & Corporate Wall Clocks,promotional-corporate-wall-clocks,OSIRA 10-14 inch Bold Numeral Promotional Corporate Wall Clocks,promotional-corporate-wall-clocks-bold-numeral,10-14 inch,Plastic,Round,Quartz,Polished,Black | White | Silver,Corporate / Promotional / Gifting,125,Market reference,250,promotional corporate wall clocks,promotional & corporate wall clocks, wall clock wholesale, wall clock manufacturer India, wall clock supplier Jaipur, plastic wall clock, bulk wall clock,OSIRA 10-14 inch Bold Numeral Promotional Corporate Wall Clocks | Wholesale Wall Clock Supplier,Source 10-14 inch bold numeral wall clocks for wholesale, retail and business orders. Plastic body, quartz movement and quantity-based pricing from OSIRA.,OSIRA 10-14 inch Bold Numeral Promotional Corporate Wall Clocks,Market-researched OSIRA catalogue concept based on currently listed Indian supplier specifications. 10-14 inch bold numeral wall clock with plastic body and quartz movement; suitable for branding, advertising and corporate gifting. Confirm final colour, packaging, MOQ and commercial price before purchase.,Observed Indian supplier listings in Promotional & Corporate Wall Clocks; reference price used as market benchmark, not OSIRA's final selling price.,https://www.tradeindia.com/products/promotional-plastic-wall-clock-c12250646.html
Promotional & Corporate Wall Clocks,promotional-corporate-wall-clocks,OSIRA 10-14 inch Modern Square Promotional Corporate Wall Clocks,promotional-corporate-wall-clocks-modern-square,10-14 inch,Plastic,Square,Quartz,Matte / Gloss,Black | White | Silver | Brown,Corporate / Promotional / Gifting,150,Market reference,225,promotional corporate wall clocks,promotional & corporate wall clocks, wall clock wholesale, wall clock manufacturer India, wall clock supplier Jaipur, plastic wall clock, bulk wall clock,OSIRA 10-14 inch Modern Square Promotional Corporate Wall Clocks | Wholesale Wall Clock Supplier,Source 10-14 inch modern square wall clocks for wholesale, retail and business orders. Plastic body, quartz movement and quantity-based pricing from OSIRA.,OSIRA 10-14 inch Modern Square Promotional Corporate Wall Clocks,Market-researched OSIRA catalogue concept based on currently listed Indian supplier specifications. 10-14 inch modern square wall clock with plastic body and quartz movement; suitable for branding, advertising and corporate gifting. Confirm final colour, packaging, MOQ and commercial price before purchase.,Observed Indian supplier listings in Promotional & Corporate Wall Clocks; reference price used as market benchmark, not OSIRA's final selling price.,https://www.tradeindia.com/products/promotional-plastic-wall-clock-c12250646.html
Promotional & Corporate Wall Clocks,promotional-corporate-wall-clocks,OSIRA 10-14 inch Wooden Finish Promotional Corporate Wall Clocks,promotional-corporate-wall-clocks-wooden-finish,10-14 inch,Plastic,Round,Quartz,Polished,Black | White | Silver | Brown | Golden,Corporate / Promotional / Gifting,175,Market reference,300,promotional corporate wall clocks,promotional & corporate wall clocks, wall clock wholesale, wall clock manufacturer India, wall clock supplier Jaipur, plastic wall clock, bulk wall clock,OSIRA 10-14 inch Wooden Finish Promotional Corporate Wall Clocks | Wholesale Wall Clock Supplier,Source 10-14 inch wooden finish wall clocks for wholesale, retail and business orders. Plastic body, quartz movement and quantity-based pricing from OSIRA.,OSIRA 10-14 inch Wooden Finish Promotional Corporate Wall Clocks,Market-researched OSIRA catalogue concept based on currently listed Indian supplier specifications. 10-14 inch wooden finish wall clock with plastic body and quartz movement; suitable for branding, advertising and corporate gifting. Confirm final colour, packaging, MOQ and commercial price before purchase.,Observed Indian supplier listings in Promotional & Corporate Wall Clocks; reference price used as market benchmark, not OSIRA's final selling price.,https://www.tradeindia.com/products/promotional-plastic-wall-clock-c12250646.html
Promotional & Corporate Wall Clocks,promotional-corporate-wall-clocks,OSIRA 10-14 inch Premium Multicolor Promotional Corporate Wall Clocks,promotional-corporate-wall-clocks-premium-multicolor,10-14 inch,Plastic,Round,Quartz,Matte / Gloss,Black | White | Silver,Corporate / Promotional / Gifting,200,Market reference,275,promotional corporate wall clocks,promotional & corporate wall clocks, wall clock wholesale, wall clock manufacturer India, wall clock supplier Jaipur, plastic wall clock, bulk wall clock,OSIRA 10-14 inch Premium Multicolor Promotional Corporate Wall Clocks | Wholesale Wall Clock Supplier,Source 10-14 inch premium multicolor wall clocks for wholesale, retail and business orders. Plastic body, quartz movement and quantity-based pricing from OSIRA.,OSIRA 10-14 inch Premium Multicolor Promotional Corporate Wall Clocks,Market-researched OSIRA catalogue concept based on currently listed Indian supplier specifications. 10-14 inch premium multicolor wall clock with plastic body and quartz movement; suitable for branding, advertising and corporate gifting. Confirm final colour, packaging, MOQ and commercial price before purchase.,Observed Indian supplier listings in Promotional & Corporate Wall Clocks; reference price used as market benchmark, not OSIRA's final selling price.,https://www.tradeindia.com/products/promotional-plastic-wall-clock-c12250646.html
Square & Rectangle Plastic Wall Clocks,square-rectangle-plastic-wall-clocks,OSIRA 10 inch Classic Black Square Rectangle Wall Clocks,square-rectangle-plastic-wall-clocks-classic-black,10 inch,Plastic,Round,Quartz,Polished,Black | White | Silver,Home / Office / Retail / Commercial,110,Market reference,200,square rectangle plastic wall clocks,square & rectangle plastic wall clocks, wall clock wholesale, wall clock manufacturer India, wall clock supplier Jaipur, plastic wall clock, bulk wall clock,OSIRA 10 inch Classic Black Square Rectangle Wall Clocks | Wholesale Wall Clock Supplier,Source 10 inch classic black wall clocks for wholesale, retail and business orders. Plastic body, quartz movement and quantity-based pricing from OSIRA.,OSIRA 10 inch Classic Black Square Rectangle Wall Clocks,Market-researched OSIRA catalogue concept based on currently listed Indian supplier specifications. 10 inch classic black wall clock with plastic body and quartz movement; suitable for homes, offices, retail and commercial spaces. Confirm final colour, packaging, MOQ and commercial price before purchase.,Observed Indian supplier listings in Square & Rectangle Plastic Wall Clocks; reference price used as market benchmark, not OSIRA's final selling price.,https://www.tradeindia.com/products/square-plastic-wall-clock-9384071.html
Square & Rectangle Plastic Wall Clocks,square-rectangle-plastic-wall-clocks,OSIRA 14 x 6 inch Silver White Square Rectangle Wall Clocks,square-rectangle-plastic-wall-clocks-silver-white,14 x 6 inch,Plastic,Round,Quartz,Matte / Gloss,Black | White | Silver | Brown,Home / Office / Retail / Commercial,130,Market reference,175,square rectangle plastic wall clocks,square & rectangle plastic wall clocks, wall clock wholesale, wall clock manufacturer India, wall clock supplier Jaipur, plastic wall clock, bulk wall clock,OSIRA 14 x 6 inch Silver White Square Rectangle Wall Clocks | Wholesale Wall Clock Supplier,Source 14 x 6 inch silver white wall clocks for wholesale, retail and business orders. Plastic body, quartz movement and quantity-based pricing from OSIRA.,OSIRA 14 x 6 inch Silver White Square Rectangle Wall Clocks,Market-researched OSIRA catalogue concept based on currently listed Indian supplier specifications. 14 x 6 inch silver white wall clock with plastic body and quartz movement; suitable for homes, offices, retail and commercial spaces. Confirm final colour, packaging, MOQ and commercial price before purchase.,Observed Indian supplier listings in Square & Rectangle Plastic Wall Clocks; reference price used as market benchmark, not OSIRA's final selling price.,https://www.tradeindia.com/products/square-plastic-wall-clock-9384071.html
Square & Rectangle Plastic Wall Clocks,square-rectangle-plastic-wall-clocks,OSIRA 10 inch Glossy White Square Rectangle Wall Clocks,square-rectangle-plastic-wall-clocks-glossy-white,10 inch,Plastic,Round,Quartz,Polished,Black | White | Silver | Brown | Golden,Home / Office / Retail / Commercial,150,Market reference,150,square rectangle plastic wall clocks,square & rectangle plastic wall clocks, wall clock wholesale, wall clock manufacturer India, wall clock supplier Jaipur, plastic wall clock, bulk wall clock,OSIRA 10 inch Glossy White Square Rectangle Wall Clocks | Wholesale Wall Clock Supplier,Source 10 inch glossy white wall clocks for wholesale, retail and business orders. Plastic body, quartz movement and quantity-based pricing from OSIRA.,OSIRA 10 inch Glossy White Square Rectangle Wall Clocks,Market-researched OSIRA catalogue concept based on currently listed Indian supplier specifications. 10 inch glossy white wall clock with plastic body and quartz movement; suitable for homes, offices, retail and commercial spaces. Confirm final colour, packaging, MOQ and commercial price before purchase.,Observed Indian supplier listings in Square & Rectangle Plastic Wall Clocks; reference price used as market benchmark, not OSIRA's final selling price.,https://www.tradeindia.com/products/square-plastic-wall-clock-9384071.html
Square & Rectangle Plastic Wall Clocks,square-rectangle-plastic-wall-clocks,OSIRA 14 x 6 inch Dark Brown & White Square Rectangle Wall Clocks,square-rectangle-plastic-wall-clocks-dark-brown-white,14 x 6 inch,Plastic,Square,Quartz,Matte / Gloss,Black | White | Silver,Home / Office / Retail / Commercial,170,Market reference,125,square rectangle plastic wall clocks,square & rectangle plastic wall clocks, wall clock wholesale, wall clock manufacturer India, wall clock supplier Jaipur, plastic wall clock, bulk wall clock,OSIRA 14 x 6 inch Dark Brown & White Square Rectangle Wall Clocks | Wholesale Wall Clock Supplier,Source 14 x 6 inch dark brown & white wall clocks for wholesale, retail and business orders. Plastic body, quartz movement and quantity-based pricing from OSIRA.,OSIRA 14 x 6 inch Dark Brown & White Square Rectangle Wall Clocks,Market-researched OSIRA catalogue concept based on currently listed Indian supplier specifications. 14 x 6 inch dark brown & white wall clock with plastic body and quartz movement; suitable for homes, offices, retail and commercial spaces. Confirm final colour, packaging, MOQ and commercial price before purchase.,Observed Indian supplier listings in Square & Rectangle Plastic Wall Clocks; reference price used as market benchmark, not OSIRA's final selling price.,https://www.tradeindia.com/products/square-plastic-wall-clock-9384071.html
Square & Rectangle Plastic Wall Clocks,square-rectangle-plastic-wall-clocks,OSIRA 10 inch Golden Frame Square Rectangle Wall Clocks,square-rectangle-plastic-wall-clocks-golden-frame,10 inch,Plastic,Round,Quartz,Polished,Black | White | Silver | Brown,Home / Office / Retail / Commercial,190,Market reference,200,square rectangle plastic wall clocks,square & rectangle plastic wall clocks, wall clock wholesale, wall clock manufacturer India, wall clock supplier Jaipur, plastic wall clock, bulk wall clock,OSIRA 10 inch Golden Frame Square Rectangle Wall Clocks | Wholesale Wall Clock Supplier,Source 10 inch golden frame wall clocks for wholesale, retail and business orders. Plastic body, quartz movement and quantity-based pricing from OSIRA.,OSIRA 10 inch Golden Frame Square Rectangle Wall Clocks,Market-researched OSIRA catalogue concept based on currently listed Indian supplier specifications. 10 inch golden frame wall clock with plastic body and quartz movement; suitable for homes, offices, retail and commercial spaces. Confirm final colour, packaging, MOQ and commercial price before purchase.,Observed Indian supplier listings in Square & Rectangle Plastic Wall Clocks; reference price used as market benchmark, not OSIRA's final selling price.,https://www.tradeindia.com/products/square-plastic-wall-clock-9384071.html
Square & Rectangle Plastic Wall Clocks,square-rectangle-plastic-wall-clocks,OSIRA 14 x 6 inch Minimal Grey Square Rectangle Wall Clocks,square-rectangle-plastic-wall-clocks-minimal-grey,14 x 6 inch,Plastic,Round,Quartz,Matte / Gloss,Black | White | Silver | Brown | Golden,Home / Office / Retail / Commercial,110,Market reference,175,square rectangle plastic wall clocks,square & rectangle plastic wall clocks, wall clock wholesale, wall clock manufacturer India, wall clock supplier Jaipur, plastic wall clock, bulk wall clock,OSIRA 14 x 6 inch Minimal Grey Square Rectangle Wall Clocks | Wholesale Wall Clock Supplier,Source 14 x 6 inch minimal grey wall clocks for wholesale, retail and business orders. Plastic body, quartz movement and quantity-based pricing from OSIRA.,OSIRA 14 x 6 inch Minimal Grey Square Rectangle Wall Clocks,Market-researched OSIRA catalogue concept based on currently listed Indian supplier specifications. 14 x 6 inch minimal grey wall clock with plastic body and quartz movement; suitable for homes, offices, retail and commercial spaces. Confirm final colour, packaging, MOQ and commercial price before purchase.,Observed Indian supplier listings in Square & Rectangle Plastic Wall Clocks; reference price used as market benchmark, not OSIRA's final selling price.,https://www.tradeindia.com/products/square-plastic-wall-clock-9384071.html
Square & Rectangle Plastic Wall Clocks,square-rectangle-plastic-wall-clocks,OSIRA 10 inch Bold Numeral Square Rectangle Wall Clocks,square-rectangle-plastic-wall-clocks-bold-numeral,10 inch,Plastic,Round,Quartz,Polished,Black | White | Silver,Home / Office / Retail / Commercial,130,Market reference,150,square rectangle plastic wall clocks,square & rectangle plastic wall clocks, wall clock wholesale, wall clock manufacturer India, wall clock supplier Jaipur, plastic wall clock, bulk wall clock,OSIRA 10 inch Bold Numeral Square Rectangle Wall Clocks | Wholesale Wall Clock Supplier,Source 10 inch bold numeral wall clocks for wholesale, retail and business orders. Plastic body, quartz movement and quantity-based pricing from OSIRA.,OSIRA 10 inch Bold Numeral Square Rectangle Wall Clocks,Market-researched OSIRA catalogue concept based on currently listed Indian supplier specifications. 10 inch bold numeral wall clock with plastic body and quartz movement; suitable for homes, offices, retail and commercial spaces. Confirm final colour, packaging, MOQ and commercial price before purchase.,Observed Indian supplier listings in Square & Rectangle Plastic Wall Clocks; reference price used as market benchmark, not OSIRA's final selling price.,https://www.tradeindia.com/products/square-plastic-wall-clock-9384071.html
Square & Rectangle Plastic Wall Clocks,square-rectangle-plastic-wall-clocks,OSIRA 14 x 6 inch Modern Square Square Rectangle Wall Clocks,square-rectangle-plastic-wall-clocks-modern-square,14 x 6 inch,Plastic,Square,Quartz,Matte / Gloss,Black | White | Silver | Brown,Home / Office / Retail / Commercial,150,Market reference,125,square rectangle plastic wall clocks,square & rectangle plastic wall clocks, wall clock wholesale, wall clock manufacturer India, wall clock supplier Jaipur, plastic wall clock, bulk wall clock,OSIRA 14 x 6 inch Modern Square Square Rectangle Wall Clocks | Wholesale Wall Clock Supplier,Source 14 x 6 inch modern square wall clocks for wholesale, retail and business orders. Plastic body, quartz movement and quantity-based pricing from OSIRA.,OSIRA 14 x 6 inch Modern Square Square Rectangle Wall Clocks,Market-researched OSIRA catalogue concept based on currently listed Indian supplier specifications. 14 x 6 inch modern square wall clock with plastic body and quartz movement; suitable for homes, offices, retail and commercial spaces. Confirm final colour, packaging, MOQ and commercial price before purchase.,Observed Indian supplier listings in Square & Rectangle Plastic Wall Clocks; reference price used as market benchmark, not OSIRA's final selling price.,https://www.tradeindia.com/products/square-plastic-wall-clock-9384071.html
Square & Rectangle Plastic Wall Clocks,square-rectangle-plastic-wall-clocks,OSIRA 10 inch Wooden Finish Square Rectangle Wall Clocks,square-rectangle-plastic-wall-clocks-wooden-finish,10 inch,Plastic,Round,Quartz,Polished,Black | White | Silver | Brown | Golden,Home / Office / Retail / Commercial,170,Market reference,200,square rectangle plastic wall clocks,square & rectangle plastic wall clocks, wall clock wholesale, wall clock manufacturer India, wall clock supplier Jaipur, plastic wall clock, bulk wall clock,OSIRA 10 inch Wooden Finish Square Rectangle Wall Clocks | Wholesale Wall Clock Supplier,Source 10 inch wooden finish wall clocks for wholesale, retail and business orders. Plastic body, quartz movement and quantity-based pricing from OSIRA.,OSIRA 10 inch Wooden Finish Square Rectangle Wall Clocks,Market-researched OSIRA catalogue concept based on currently listed Indian supplier specifications. 10 inch wooden finish wall clock with plastic body and quartz movement; suitable for homes, offices, retail and commercial spaces. Confirm final colour, packaging, MOQ and commercial price before purchase.,Observed Indian supplier listings in Square & Rectangle Plastic Wall Clocks; reference price used as market benchmark, not OSIRA's final selling price.,https://www.tradeindia.com/products/square-plastic-wall-clock-9384071.html
Square & Rectangle Plastic Wall Clocks,square-rectangle-plastic-wall-clocks,OSIRA 14 x 6 inch Premium Multicolor Square Rectangle Wall Clocks,square-rectangle-plastic-wall-clocks-premium-multicolor,14 x 6 inch,Plastic,Round,Quartz,Matte / Gloss,Black | White | Silver,Home / Office / Retail / Commercial,190,Market reference,175,square rectangle plastic wall clocks,square & rectangle plastic wall clocks, wall clock wholesale, wall clock manufacturer India, wall clock supplier Jaipur, plastic wall clock, bulk wall clock,OSIRA 14 x 6 inch Premium Multicolor Square Rectangle Wall Clocks | Wholesale Wall Clock Supplier,Source 14 x 6 inch premium multicolor wall clocks for wholesale, retail and business orders. Plastic body, quartz movement and quantity-based pricing from OSIRA.,OSIRA 14 x 6 inch Premium Multicolor Square Rectangle Wall Clocks,Market-researched OSIRA catalogue concept based on currently listed Indian supplier specifications. 14 x 6 inch premium multicolor wall clock with plastic body and quartz movement; suitable for homes, offices, retail and commercial spaces. Confirm final colour, packaging, MOQ and commercial price before purchase.,Observed Indian supplier listings in Square & Rectangle Plastic Wall Clocks; reference price used as market benchmark, not OSIRA's final selling price.,https://www.tradeindia.com/products/square-plastic-wall-clock-9384071.html
3D & Number Wall Clocks,3d-number-wall-clocks,OSIRA 10-12 inch Classic Black 3D Number Wall Clocks,3d-number-wall-clocks-classic-black,10-12 inch,Plastic,Round,Quartz,Polished,Black | White | Silver,Home / Office / Retail / Commercial,180,Market reference,200,3d number wall clocks,3d & number wall clocks, wall clock wholesale, wall clock manufacturer India, wall clock supplier Jaipur, plastic wall clock, bulk wall clock,OSIRA 10-12 inch Classic Black 3D Number Wall Clocks | Wholesale Wall Clock Supplier,Source 10-12 inch classic black wall clocks for wholesale, retail and business orders. Plastic body, quartz movement and quantity-based pricing from OSIRA.,OSIRA 10-12 inch Classic Black 3D Number Wall Clocks,Market-researched OSIRA catalogue concept based on currently listed Indian supplier specifications. 10-12 inch classic black wall clock with plastic body and quartz movement; suitable for homes, offices, retail and commercial spaces. Confirm final colour, packaging, MOQ and commercial price before purchase.,Observed Indian supplier listings in 3D & Number Wall Clocks; reference price used as market benchmark, not OSIRA's final selling price.,https://www.tradeindia.com/manufacturers/plastic-wall-clock.html
3D & Number Wall Clocks,3d-number-wall-clocks,OSIRA 10-12 inch Silver White 3D Number Wall Clocks,3d-number-wall-clocks-silver-white,10-12 inch,Plastic,Round,Quartz,Matte / Gloss,Black | White | Silver | Brown,Home / Office / Retail / Commercial,210,Market reference,175,3d number wall clocks,3d & number wall clocks, wall clock wholesale, wall clock manufacturer India, wall clock supplier Jaipur, plastic wall clock, bulk wall clock,OSIRA 10-12 inch Silver White 3D Number Wall Clocks | Wholesale Wall Clock Supplier,Source 10-12 inch silver white wall clocks for wholesale, retail and business orders. Plastic body, quartz movement and quantity-based pricing from OSIRA.,OSIRA 10-12 inch Silver White 3D Number Wall Clocks,Market-researched OSIRA catalogue concept based on currently listed Indian supplier specifications. 10-12 inch silver white wall clock with plastic body and quartz movement; suitable for homes, offices, retail and commercial spaces. Confirm final colour, packaging, MOQ and commercial price before purchase.,Observed Indian supplier listings in 3D & Number Wall Clocks; reference price used as market benchmark, not OSIRA's final selling price.,https://www.tradeindia.com/manufacturers/plastic-wall-clock.html
3D & Number Wall Clocks,3d-number-wall-clocks,OSIRA 10-12 inch Glossy White 3D Number Wall Clocks,3d-number-wall-clocks-glossy-white,10-12 inch,Plastic,Round,Quartz,Polished,Black | White | Silver | Brown | Golden,Home / Office / Retail / Commercial,240,Market reference,150,3d number wall clocks,3d & number wall clocks, wall clock wholesale, wall clock manufacturer India, wall clock supplier Jaipur, plastic wall clock, bulk wall clock,OSIRA 10-12 inch Glossy White 3D Number Wall Clocks | Wholesale Wall Clock Supplier,Source 10-12 inch glossy white wall clocks for wholesale, retail and business orders. Plastic body, quartz movement and quantity-based pricing from OSIRA.,OSIRA 10-12 inch Glossy White 3D Number Wall Clocks,Market-researched OSIRA catalogue concept based on currently listed Indian supplier specifications. 10-12 inch glossy white wall clock with plastic body and quartz movement; suitable for homes, offices, retail and commercial spaces. Confirm final colour, packaging, MOQ and commercial price before purchase.,Observed Indian supplier listings in 3D & Number Wall Clocks; reference price used as market benchmark, not OSIRA's final selling price.,https://www.tradeindia.com/manufacturers/plastic-wall-clock.html
3D & Number Wall Clocks,3d-number-wall-clocks,OSIRA 10-12 inch Dark Brown & White 3D Number Wall Clocks,3d-number-wall-clocks-dark-brown-white,10-12 inch,Plastic,Square,Quartz,Matte / Gloss,Black | White | Silver,Home / Office / Retail / Commercial,270,Market reference,125,3d number wall clocks,3d & number wall clocks, wall clock wholesale, wall clock manufacturer India, wall clock supplier Jaipur, plastic wall clock, bulk wall clock,OSIRA 10-12 inch Dark Brown & White 3D Number Wall Clocks | Wholesale Wall Clock Supplier,Source 10-12 inch dark brown & white wall clocks for wholesale, retail and business orders. Plastic body, quartz movement and quantity-based pricing from OSIRA.,OSIRA 10-12 inch Dark Brown & White 3D Number Wall Clocks,Market-researched OSIRA catalogue concept based on currently listed Indian supplier specifications. 10-12 inch dark brown & white wall clock with plastic body and quartz movement; suitable for homes, offices, retail and commercial spaces. Confirm final colour, packaging, MOQ and commercial price before purchase.,Observed Indian supplier listings in 3D & Number Wall Clocks; reference price used as market benchmark, not OSIRA's final selling price.,https://www.tradeindia.com/manufacturers/plastic-wall-clock.html
3D & Number Wall Clocks,3d-number-wall-clocks,OSIRA 10-12 inch Golden Frame 3D Number Wall Clocks,3d-number-wall-clocks-golden-frame,10-12 inch,Plastic,Round,Quartz,Polished,Black | White | Silver | Brown,Home / Office / Retail / Commercial,300,Market reference,200,3d number wall clocks,3d & number wall clocks, wall clock wholesale, wall clock manufacturer India, wall clock supplier Jaipur, plastic wall clock, bulk wall clock,OSIRA 10-12 inch Golden Frame 3D Number Wall Clocks | Wholesale Wall Clock Supplier,Source 10-12 inch golden frame wall clocks for wholesale, retail and business orders. Plastic body, quartz movement and quantity-based pricing from OSIRA.,OSIRA 10-12 inch Golden Frame 3D Number Wall Clocks,Market-researched OSIRA catalogue concept based on currently listed Indian supplier specifications. 10-12 inch golden frame wall clock with plastic body and quartz movement; suitable for homes, offices, retail and commercial spaces. Confirm final colour, packaging, MOQ and commercial price before purchase.,Observed Indian supplier listings in 3D & Number Wall Clocks; reference price used as market benchmark, not OSIRA's final selling price.,https://www.tradeindia.com/manufacturers/plastic-wall-clock.html
3D & Number Wall Clocks,3d-number-wall-clocks,OSIRA 10-12 inch Minimal Grey 3D Number Wall Clocks,3d-number-wall-clocks-minimal-grey,10-12 inch,Plastic,Round,Quartz,Matte / Gloss,Black | White | Silver | Brown | Golden,Home / Office / Retail / Commercial,180,Market reference,175,3d number wall clocks,3d & number wall clocks, wall clock wholesale, wall clock manufacturer India, wall clock supplier Jaipur, plastic wall clock, bulk wall clock,OSIRA 10-12 inch Minimal Grey 3D Number Wall Clocks | Wholesale Wall Clock Supplier,Source 10-12 inch minimal grey wall clocks for wholesale, retail and business orders. Plastic body, quartz movement and quantity-based pricing from OSIRA.,OSIRA 10-12 inch Minimal Grey 3D Number Wall Clocks,Market-researched OSIRA catalogue concept based on currently listed Indian supplier specifications. 10-12 inch minimal grey wall clock with plastic body and quartz movement; suitable for homes, offices, retail and commercial spaces. Confirm final colour, packaging, MOQ and commercial price before purchase.,Observed Indian supplier listings in 3D & Number Wall Clocks; reference price used as market benchmark, not OSIRA's final selling price.,https://www.tradeindia.com/manufacturers/plastic-wall-clock.html
3D & Number Wall Clocks,3d-number-wall-clocks,OSIRA 10-12 inch Bold Numeral 3D Number Wall Clocks,3d-number-wall-clocks-bold-numeral,10-12 inch,Plastic,Round,Quartz,Polished,Black | White | Silver,Home / Office / Retail / Commercial,210,Market reference,150,3d number wall clocks,3d & number wall clocks, wall clock wholesale, wall clock manufacturer India, wall clock supplier Jaipur, plastic wall clock, bulk wall clock,OSIRA 10-12 inch Bold Numeral 3D Number Wall Clocks | Wholesale Wall Clock Supplier,Source 10-12 inch bold numeral wall clocks for wholesale, retail and business orders. Plastic body, quartz movement and quantity-based pricing from OSIRA.,OSIRA 10-12 inch Bold Numeral 3D Number Wall Clocks,Market-researched OSIRA catalogue concept based on currently listed Indian supplier specifications. 10-12 inch bold numeral wall clock with plastic body and quartz movement; suitable for homes, offices, retail and commercial spaces. Confirm final colour, packaging, MOQ and commercial price before purchase.,Observed Indian supplier listings in 3D & Number Wall Clocks; reference price used as market benchmark, not OSIRA's final selling price.,https://www.tradeindia.com/manufacturers/plastic-wall-clock.html
3D & Number Wall Clocks,3d-number-wall-clocks,OSIRA 10-12 inch Modern Square 3D Number Wall Clocks,3d-number-wall-clocks-modern-square,10-12 inch,Plastic,Square,Quartz,Matte / Gloss,Black | White | Silver | Brown,Home / Office / Retail / Commercial,240,Market reference,125,3d number wall clocks,3d & number wall clocks, wall clock wholesale, wall clock manufacturer India, wall clock supplier Jaipur, plastic wall clock, bulk wall clock,OSIRA 10-12 inch Modern Square 3D Number Wall Clocks | Wholesale Wall Clock Supplier,Source 10-12 inch modern square wall clocks for wholesale, retail and business orders. Plastic body, quartz movement and quantity-based pricing from OSIRA.,OSIRA 10-12 inch Modern Square 3D Number Wall Clocks,Market-researched OSIRA catalogue concept based on currently listed Indian supplier specifications. 10-12 inch modern square wall clock with plastic body and quartz movement; suitable for homes, offices, retail and commercial spaces. Confirm final colour, packaging, MOQ and commercial price before purchase.,Observed Indian supplier listings in 3D & Number Wall Clocks; reference price used as market benchmark, not OSIRA's final selling price.,https://www.tradeindia.com/manufacturers/plastic-wall-clock.html
3D & Number Wall Clocks,3d-number-wall-clocks,OSIRA 10-12 inch Wooden Finish 3D Number Wall Clocks,3d-number-wall-clocks-wooden-finish,10-12 inch,Plastic,Round,Quartz,Polished,Black | White | Silver | Brown | Golden,Home / Office / Retail / Commercial,270,Market reference,200,3d number wall clocks,3d & number wall clocks, wall clock wholesale, wall clock manufacturer India, wall clock supplier Jaipur, plastic wall clock, bulk wall clock,OSIRA 10-12 inch Wooden Finish 3D Number Wall Clocks | Wholesale Wall Clock Supplier,Source 10-12 inch wooden finish wall clocks for wholesale, retail and business orders. Plastic body, quartz movement and quantity-based pricing from OSIRA.,OSIRA 10-12 inch Wooden Finish 3D Number Wall Clocks,Market-researched OSIRA catalogue concept based on currently listed Indian supplier specifications. 10-12 inch wooden finish wall clock with plastic body and quartz movement; suitable for homes, offices, retail and commercial spaces. Confirm final colour, packaging, MOQ and commercial price before purchase.,Observed Indian supplier listings in 3D & Number Wall Clocks; reference price used as market benchmark, not OSIRA's final selling price.,https://www.tradeindia.com/manufacturers/plastic-wall-clock.html
3D & Number Wall Clocks,3d-number-wall-clocks,OSIRA 10-12 inch Premium Multicolor 3D Number Wall Clocks,3d-number-wall-clocks-premium-multicolor,10-12 inch,Plastic,Round,Quartz,Matte / Gloss,Black | White | Silver,Home / Office / Retail / Commercial,300,Market reference,175,3d number wall clocks,3d & number wall clocks, wall clock wholesale, wall clock manufacturer India, wall clock supplier Jaipur, plastic wall clock, bulk wall clock,OSIRA 10-12 inch Premium Multicolor 3D Number Wall Clocks | Wholesale Wall Clock Supplier,Source 10-12 inch premium multicolor wall clocks for wholesale, retail and business orders. Plastic body, quartz movement and quantity-based pricing from OSIRA.,OSIRA 10-12 inch Premium Multicolor 3D Number Wall Clocks,Market-researched OSIRA catalogue concept based on currently listed Indian supplier specifications. 10-12 inch premium multicolor wall clock with plastic body and quartz movement; suitable for homes, offices, retail and commercial spaces. Confirm final colour, packaging, MOQ and commercial price before purchase.,Observed Indian supplier listings in 3D & Number Wall Clocks; reference price used as market benchmark, not OSIRA's final selling price.,https://www.tradeindia.com/manufacturers/plastic-wall-clock.html
Customized & Logo Wall Clocks,customized-logo-wall-clocks,OSIRA 10-14 inch Classic Black Customized Logo Wall Clocks,customized-logo-wall-clocks-classic-black,10-14 inch,Plastic,Round,Quartz,Polished,Black | White | Silver,Corporate / Promotional / Gifting,90,Market reference,100,customized logo wall clocks,customized & logo wall clocks, wall clock wholesale, wall clock manufacturer India, wall clock supplier Jaipur, plastic wall clock, bulk wall clock,OSIRA 10-14 inch Classic Black Customized Logo Wall Clocks | Wholesale Wall Clock Supplier,Source 10-14 inch classic black wall clocks for wholesale, retail and business orders. Plastic body, quartz movement and quantity-based pricing from OSIRA.,OSIRA 10-14 inch Classic Black Customized Logo Wall Clocks,Market-researched OSIRA catalogue concept based on currently listed Indian supplier specifications. 10-14 inch classic black wall clock with plastic body and quartz movement; suitable for homes, offices, retail and commercial spaces. Confirm final colour, packaging, MOQ and commercial price before purchase.,Observed Indian supplier listings in Customized & Logo Wall Clocks; reference price used as market benchmark, not OSIRA's final selling price.,https://www.tradeindia.com/products/promotional-plastic-wall-clock-c12250646.html
Customized & Logo Wall Clocks,customized-logo-wall-clocks,OSIRA 10-14 inch Silver White Customized Logo Wall Clocks,customized-logo-wall-clocks-silver-white,10-14 inch,Plastic,Round,Quartz,Matte / Gloss,Black | White | Silver | Brown,Corporate / Promotional / Gifting,110,Market reference,75,customized logo wall clocks,customized & logo wall clocks, wall clock wholesale, wall clock manufacturer India, wall clock supplier Jaipur, plastic wall clock, bulk wall clock,OSIRA 10-14 inch Silver White Customized Logo Wall Clocks | Wholesale Wall Clock Supplier,Source 10-14 inch silver white wall clocks for wholesale, retail and business orders. Plastic body, quartz movement and quantity-based pricing from OSIRA.,OSIRA 10-14 inch Silver White Customized Logo Wall Clocks,Market-researched OSIRA catalogue concept based on currently listed Indian supplier specifications. 10-14 inch silver white wall clock with plastic body and quartz movement; suitable for homes, offices, retail and commercial spaces. Confirm final colour, packaging, MOQ and commercial price before purchase.,Observed Indian supplier listings in Customized & Logo Wall Clocks; reference price used as market benchmark, not OSIRA's final selling price.,https://www.tradeindia.com/products/promotional-plastic-wall-clock-c12250646.html
Customized & Logo Wall Clocks,customized-logo-wall-clocks,OSIRA 10-14 inch Glossy White Customized Logo Wall Clocks,customized-logo-wall-clocks-glossy-white,10-14 inch,Plastic,Round,Quartz,Polished,Black | White | Silver | Brown | Golden,Corporate / Promotional / Gifting,130,Market reference,50,customized logo wall clocks,customized & logo wall clocks, wall clock wholesale, wall clock manufacturer India, wall clock supplier Jaipur, plastic wall clock, bulk wall clock,OSIRA 10-14 inch Glossy White Customized Logo Wall Clocks | Wholesale Wall Clock Supplier,Source 10-14 inch glossy white wall clocks for wholesale, retail and business orders. Plastic body, quartz movement and quantity-based pricing from OSIRA.,OSIRA 10-14 inch Glossy White Customized Logo Wall Clocks,Market-researched OSIRA catalogue concept based on currently listed Indian supplier specifications. 10-14 inch glossy white wall clock with plastic body and quartz movement; suitable for homes, offices, retail and commercial spaces. Confirm final colour, packaging, MOQ and commercial price before purchase.,Observed Indian supplier listings in Customized & Logo Wall Clocks; reference price used as market benchmark, not OSIRA's final selling price.,https://www.tradeindia.com/products/promotional-plastic-wall-clock-c12250646.html
Customized & Logo Wall Clocks,customized-logo-wall-clocks,OSIRA 10-14 inch Dark Brown & White Customized Logo Wall Clocks,customized-logo-wall-clocks-dark-brown-white,10-14 inch,Plastic,Square,Quartz,Matte / Gloss,Black | White | Silver,Corporate / Promotional / Gifting,150,Market reference,50,customized logo wall clocks,customized & logo wall clocks, wall clock wholesale, wall clock manufacturer India, wall clock supplier Jaipur, plastic wall clock, bulk wall clock,OSIRA 10-14 inch Dark Brown & White Customized Logo Wall Clocks | Wholesale Wall Clock Supplier,Source 10-14 inch dark brown & white wall clocks for wholesale, retail and business orders. Plastic body, quartz movement and quantity-based pricing from OSIRA.,OSIRA 10-14 inch Dark Brown & White Customized Logo Wall Clocks,Market-researched OSIRA catalogue concept based on currently listed Indian supplier specifications. 10-14 inch dark brown & white wall clock with plastic body and quartz movement; suitable for homes, offices, retail and commercial spaces. Confirm final colour, packaging, MOQ and commercial price before purchase.,Observed Indian supplier listings in Customized & Logo Wall Clocks; reference price used as market benchmark, not OSIRA's final selling price.,https://www.tradeindia.com/products/promotional-plastic-wall-clock-c12250646.html
Customized & Logo Wall Clocks,customized-logo-wall-clocks,OSIRA 10-14 inch Golden Frame Customized Logo Wall Clocks,customized-logo-wall-clocks-golden-frame,10-14 inch,Plastic,Round,Quartz,Polished,Black | White | Silver | Brown,Corporate / Promotional / Gifting,170,Market reference,100,customized logo wall clocks,customized & logo wall clocks, wall clock wholesale, wall clock manufacturer India, wall clock supplier Jaipur, plastic wall clock, bulk wall clock,OSIRA 10-14 inch Golden Frame Customized Logo Wall Clocks | Wholesale Wall Clock Supplier,Source 10-14 inch golden frame wall clocks for wholesale, retail and business orders. Plastic body, quartz movement and quantity-based pricing from OSIRA.,OSIRA 10-14 inch Golden Frame Customized Logo Wall Clocks,Market-researched OSIRA catalogue concept based on currently listed Indian supplier specifications. 10-14 inch golden frame wall clock with plastic body and quartz movement; suitable for homes, offices, retail and commercial spaces. Confirm final colour, packaging, MOQ and commercial price before purchase.,Observed Indian supplier listings in Customized & Logo Wall Clocks; reference price used as market benchmark, not OSIRA's final selling price.,https://www.tradeindia.com/products/promotional-plastic-wall-clock-c12250646.html
Customized & Logo Wall Clocks,customized-logo-wall-clocks,OSIRA 10-14 inch Minimal Grey Customized Logo Wall Clocks,customized-logo-wall-clocks-minimal-grey,10-14 inch,Plastic,Round,Quartz,Matte / Gloss,Black | White | Silver | Brown | Golden,Corporate / Promotional / Gifting,90,Market reference,75,customized logo wall clocks,customized & logo wall clocks, wall clock wholesale, wall clock manufacturer India, wall clock supplier Jaipur, plastic wall clock, bulk wall clock,OSIRA 10-14 inch Minimal Grey Customized Logo Wall Clocks | Wholesale Wall Clock Supplier,Source 10-14 inch minimal grey wall clocks for wholesale, retail and business orders. Plastic body, quartz movement and quantity-based pricing from OSIRA.,OSIRA 10-14 inch Minimal Grey Customized Logo Wall Clocks,Market-researched OSIRA catalogue concept based on currently listed Indian supplier specifications. 10-14 inch minimal grey wall clock with plastic body and quartz movement; suitable for homes, offices, retail and commercial spaces. Confirm final colour, packaging, MOQ and commercial price before purchase.,Observed Indian supplier listings in Customized & Logo Wall Clocks; reference price used as market benchmark, not OSIRA's final selling price.,https://www.tradeindia.com/products/promotional-plastic-wall-clock-c12250646.html
Customized & Logo Wall Clocks,customized-logo-wall-clocks,OSIRA 10-14 inch Bold Numeral Customized Logo Wall Clocks,customized-logo-wall-clocks-bold-numeral,10-14 inch,Plastic,Round,Quartz,Polished,Black | White | Silver,Corporate / Promotional / Gifting,110,Market reference,50,customized logo wall clocks,customized & logo wall clocks, wall clock wholesale, wall clock manufacturer India, wall clock supplier Jaipur, plastic wall clock, bulk wall clock,OSIRA 10-14 inch Bold Numeral Customized Logo Wall Clocks | Wholesale Wall Clock Supplier,Source 10-14 inch bold numeral wall clocks for wholesale, retail and business orders. Plastic body, quartz movement and quantity-based pricing from OSIRA.,OSIRA 10-14 inch Bold Numeral Customized Logo Wall Clocks,Market-researched OSIRA catalogue concept based on currently listed Indian supplier specifications. 10-14 inch bold numeral wall clock with plastic body and quartz movement; suitable for homes, offices, retail and commercial spaces. Confirm final colour, packaging, MOQ and commercial price before purchase.,Observed Indian supplier listings in Customized & Logo Wall Clocks; reference price used as market benchmark, not OSIRA's final selling price.,https://www.tradeindia.com/products/promotional-plastic-wall-clock-c12250646.html
Customized & Logo Wall Clocks,customized-logo-wall-clocks,OSIRA 10-14 inch Modern Square Customized Logo Wall Clocks,customized-logo-wall-clocks-modern-square,10-14 inch,Plastic,Square,Quartz,Matte / Gloss,Black | White | Silver | Brown,Corporate / Promotional / Gifting,130,Market reference,50,customized logo wall clocks,customized & logo wall clocks, wall clock wholesale, wall clock manufacturer India, wall clock supplier Jaipur, plastic wall clock, bulk wall clock,OSIRA 10-14 inch Modern Square Customized Logo Wall Clocks | Wholesale Wall Clock Supplier,Source 10-14 inch modern square wall clocks for wholesale, retail and business orders. Plastic body, quartz movement and quantity-based pricing from OSIRA.,OSIRA 10-14 inch Modern Square Customized Logo Wall Clocks,Market-researched OSIRA catalogue concept based on currently listed Indian supplier specifications. 10-14 inch modern square wall clock with plastic body and quartz movement; suitable for homes, offices, retail and commercial spaces. Confirm final colour, packaging, MOQ and commercial price before purchase.,Observed Indian supplier listings in Customized & Logo Wall Clocks; reference price used as market benchmark, not OSIRA's final selling price.,https://www.tradeindia.com/products/promotional-plastic-wall-clock-c12250646.html
Customized & Logo Wall Clocks,customized-logo-wall-clocks,OSIRA 10-14 inch Wooden Finish Customized Logo Wall Clocks,customized-logo-wall-clocks-wooden-finish,10-14 inch,Plastic,Round,Quartz,Polished,Black | White | Silver | Brown | Golden,Corporate / Promotional / Gifting,150,Market reference,100,customized logo wall clocks,customized & logo wall clocks, wall clock wholesale, wall clock manufacturer India, wall clock supplier Jaipur, plastic wall clock, bulk wall clock,OSIRA 10-14 inch Wooden Finish Customized Logo Wall Clocks | Wholesale Wall Clock Supplier,Source 10-14 inch wooden finish wall clocks for wholesale, retail and business orders. Plastic body, quartz movement and quantity-based pricing from OSIRA.,OSIRA 10-14 inch Wooden Finish Customized Logo Wall Clocks,Market-researched OSIRA catalogue concept based on currently listed Indian supplier specifications. 10-14 inch wooden finish wall clock with plastic body and quartz movement; suitable for homes, offices, retail and commercial spaces. Confirm final colour, packaging, MOQ and commercial price before purchase.,Observed Indian supplier listings in Customized & Logo Wall Clocks; reference price used as market benchmark, not OSIRA's final selling price.,https://www.tradeindia.com/products/promotional-plastic-wall-clock-c12250646.html
Customized & Logo Wall Clocks,customized-logo-wall-clocks,OSIRA 10-14 inch Premium Multicolor Customized Logo Wall Clocks,customized-logo-wall-clocks-premium-multicolor,10-14 inch,Plastic,Round,Quartz,Matte / Gloss,Black | White | Silver,Corporate / Promotional / Gifting,170,Market reference,75,customized logo wall clocks,customized & logo wall clocks, wall clock wholesale, wall clock manufacturer India, wall clock supplier Jaipur, plastic wall clock, bulk wall clock,OSIRA 10-14 inch Premium Multicolor Customized Logo Wall Clocks | Wholesale Wall Clock Supplier,Source 10-14 inch premium multicolor wall clocks for wholesale, retail and business orders. Plastic body, quartz movement and quantity-based pricing from OSIRA.,OSIRA 10-14 inch Premium Multicolor Customized Logo Wall Clocks,Market-researched OSIRA catalogue concept based on currently listed Indian supplier specifications. 10-14 inch premium multicolor wall clock with plastic body and quartz movement; suitable for homes, offices, retail and commercial spaces. Confirm final colour, packaging, MOQ and commercial price before purchase.,Observed Indian supplier listings in Customized & Logo Wall Clocks; reference price used as market benchmark, not OSIRA's final selling price.,https://www.tradeindia.com/products/promotional-plastic-wall-clock-c12250646.html